Date,Price,ATR,Final_Verdict,Market_Reality,Correct,Weighted_Score,Strong_Verdict,Trade_Allowed,Signal_Confidence,CE_Article_Count,CE_Sentiment,CE_Score,CE_Confidence,CE_Explanation,TTS_Score,TTS_Decision,TTS_Regime,TTS_Explanation,TTS_Breakout_Signal,TTS_Breakout_Strength,TTS_Breakout_High,TTS_Breakout_Low,SIV_Signal,SIV_Multiplier,SIV_Explanation,Verdict_Reasoning,Exit_Reason,Execution_Time_Seconds
01/02/2023,0.6797,0.008181428571428593,BUY,BEARISH,False,0.12803473,True,True,0.11334999999999999,4.0,NEUTRAL,-0.0017,0.16,skipped,0.225,BUY,TRENDING,skipped,NONE,0.0,0.6863,0.66671,PARTIAL,0.95,skipped,"[deterministic] weighted_score=0.128 → BUY (thresholds: >=0.1 BUY, <=-0.1 SELL)",SL,0.2407
01/03/2023,0.6724,0.00871500000000002,HOLD,BULLISH,False,-0.07435630000000001,True,False,0.14629999999999999,10.0,BULLISH,0.0676,0.4,skipped,-0.225,SELL,TRENDING,skipped,NONE,0.0,0.6863,0.66671,PARTIAL,0.85,skipped,"[deterministic] weighted_score=-0.0744 → HOLD (thresholds: >=0.1 BUY, <=-0.1 SELL)",HOLD_SKIP,0.2524
01/04/2023,0.68398,0.008545714285714299,BUY,BEARISH,False,0.3488636,True,True,0.36769999999999997,7.0,BULLISH,0.5104,0.28,skipped,0.225,BUY,TRENDING,skipped,NONE,0.0,0.6863,0.66671,COHERENT,1.0,skipped,"[deterministic] weighted_score=0.3489 → BUY (thresholds: >=0.1 BUY, <=-0.1 SELL)",SL,0.2025
01/05/2023,0.67512,0.008896428571428583,HOLD,BULLISH,False,0.07714779,True,False,0.07994639229338063,14.0,BULLISH,0.1149,0.56,skipped,0.045,HOLD,TRENDING,skipped,NONE,0.0,0.6863,0.66671,PARTIAL,0.95,skipped,"[deterministic] weighted_score=0.0771 → HOLD (thresholds: >=0.1 BUY, <=-0.1 SELL)",HOLD_SKIP,0.3473
01/06/2023,0.68742,0.009722142857142877,SELL,BULLISH,False,-0.13216989,True,True,0.18304646419686055,16.0,BEARISH,-0.3068,0.64,skipped,0.0593,HOLD,TRENDING,skipped,BREAKOUT_UP,0.0572,0.6863,0.66671,PARTIAL,0.95,skipped,"[deterministic] weighted_score=-0.1322 → SELL (thresholds: >=0.1 BUY, <=-0.1 SELL)",TIME,0.4913
01/09/2023,0.69073,0.009430000000000018,SELL,BULLISH,False,-0.18388199999999993,True,True,0.22702262342099852,20.0,BEARISH,-0.3797,0.8,skipped,0.0743,HOLD,TRENDING,skipped,BREAKOUT_UP,0.1598,0.68742,0.66671,PARTIAL,0.95,skipped,"[deterministic] weighted_score=-0.1839 → SELL (thresholds: >=0.1 BUY, <=-0.1 SELL)",TIME,0.5686
01/10/2023,0.68872,0.009407857142857159,HOLD,BULLISH,False,0.07063610999999999,True,False,0.07544998135707873,11.0,BULLISH,0.1059,0.44,skipped,0.045,HOLD,TRENDING,skipped,NONE,0.0,0.69073,0.66671,PARTIAL,0.95,skipped,"[deterministic] weighted_score=0.0706 → HOLD (thresholds: >=0.1 BUY, <=-0.1 SELL)",HOLD_SKIP,0.4446
01/11/2023,0.6904,0.008945000000000012,HOLD,BULLISH,False,-0.03632306,False,False,0.07790795888678763,13.0,BEARISH,-0.1152,0.52,skipped,0.0406,HOLD,TRENDING,skipped,NONE,0.0,0.69073,0.66671,PARTIAL,0.95,skipped,"[deterministic] weighted_score=-0.0363 → HOLD (thresholds: >=0.1 BUY, <=-0.1 SELL)",HOLD_SKIP,0.3339
01/12/2023,0.69658,0.009263571428571435,SKIP,BEARISH,,0.0,,,,9.0,BEARISH,-0.2327,0.36,skipped,0.067,HOLD,TRENDING,skipped,NONE,0.0,,,PARTIAL,0.95,skipped,SKIP: weak signals — articles=9 |ce|=0.233 |tts|=0.067,QUALITY_GATE_SKIP,0.2228
01/13/2023,0.69676,0.00951357142857143,SKIP,BULLISH,,0.0,,,,5.0,BEARISH,-0.6777,0.2,skipped,0.0111,HOLD,TRENDING,skipped,NONE,0.0,,,PARTIAL,0.95,skipped,SKIP: weak signals — articles=5 |ce|=0.678 |tts|=0.011,QUALITY_GATE_SKIP,0.1404
01/16/2023,0.69518,0.009665000000000003,SKIP,BULLISH,,0.0,,,,12.0,NEUTRAL,0.0443,0.48,skipped,0.0237,HOLD,TRENDING,skipped,NONE,0.0,,,COHERENT,1.0,skipped,SKIP: weak signals — articles=12 |ce|=0.044 |tts|=0.024,QUALITY_GATE_SKIP,0.3265
01/17/2023,0.69872,0.009546428571428575,SKIP,BEARISH,,0.0,,,,6.0,BEARISH,-0.2066,0.24,skipped,0.0213,HOLD,TRENDING,skipped,NONE,0.0,,,PARTIAL,0.95,skipped,SKIP: weak signals — articles=6 |ce|=0.207 |tts|=0.021,QUALITY_GATE_SKIP,0.1823
01/18/2023,0.69416,0.009895000000000003,SKIP,BULLISH,,0.0,,,,4.0,BULLISH,0.814,0.16,skipped,0.045,HOLD,TRENDING,skipped,NONE,0.0,,,PARTIAL,0.95,skipped,SKIP: weak signals — articles=4 |ce|=0.814 |tts|=0.045,QUALITY_GATE_SKIP,0.1235
01/19/2023,0.69094,0.00994642857142857,SKIP,BULLISH,,0.0,,,,27.0,NEUTRAL,-0.0279,1.0,skipped,0.045,HOLD,TRENDING,skipped,NONE,0.0,,,COHERENT,1.0,skipped,SKIP: weak signals — articles=27 |ce|=0.028 |tts|=0.045,QUALITY_GATE_SKIP,0.7888
01/20/2023,0.69672,0.01020714285714285,HOLD,BULLISH,False,-0.06996654999999999,True,False,0.12226384689789963,11.0,BEARISH,-0.2003,0.44,skipped,0.0442,HOLD,TRANSITIONAL,skipped,NONE,0.0,0.69872,0.6713,PARTIAL,0.95,skipped,"[deterministic] weighted_score=-0.07 → HOLD (thresholds: >=0.1 BUY, <=-0.1 SELL)",HOLD_SKIP,0.3368
01/23/2023,0.70257,0.009722857142857136,BUY,BULLISH,True,0.11218227,True,True,0.12132957023677385,11.0,BULLISH,0.212,0.44,skipped,0.0307,HOLD,TRANSITIONAL,skipped,BREAKOUT_UP,0.1457,0.69872,0.6723,PARTIAL,0.95,skipped,"[deterministic] weighted_score=0.1122 → BUY (thresholds: >=0.1 BUY, <=-0.1 SELL)",TIME,0.3507
01/24/2023,0.70453,0.008969285714285711,HOLD,BULLISH,False,0.043324749999999995,False,False,0.04807453182384799,10.0,BULLISH,0.0888,0.4,skipped,0.0073,HOLD,TRANSITIONAL,skipped,BREAKOUT_UP,0.065,0.70257,0.6724,PARTIAL,0.95,skipped,"[deterministic] weighted_score=0.0433 → HOLD (thresholds: >=0.1 BUY, <=-0.1 SELL)",HOLD_SKIP,0.2756
01/25/2023,0.71026,0.008828571428571432,BUY,BEARISH,False,0.17320874999999997,True,True,0.1452678460375456,29.0,BULLISH,0.284,1.0,skipped,-0.0065,HOLD,TRANSITIONAL,skipped,BREAKOUT_UP,0.1783,0.70453,0.6724,PARTIAL,0.95,skipped,"[deterministic] weighted_score=0.1732 → BUY (thresholds: >=0.1 BUY, <=-0.1 SELL)",TIME,0.6616
01/26/2023,0.71137,0.00810214285714286,SELL,BEARISH,True,-0.16573358,True,True,0.1642188169879131,16.0,BEARISH,-0.2863,0.64,skipped,-0.0421,HOLD,RANGING,skipped,BREAKOUT_UP,0.0293,0.71026,0.6724,PARTIAL,0.95,skipped,"[deterministic] weighted_score=-0.1657 → SELL (thresholds: >=0.1 BUY, <=-0.1 SELL)",TIME,0.4503
01/27/2023,0.71064,0.007905714285714285,SKIP,BEARISH,,0.0,,,,9.0,BEARISH,-0.0884,0.36,skipped,-0.0336,HOLD,RANGING,skipped,NONE,0.0,,,PARTIAL,0.95,skipped,SKIP: weak signals — articles=9 |ce|=0.088 |tts|=0.034,QUALITY_GATE_SKIP,0.3184
01/30/2023,0.70598,0.007912857142857142,SELL,BULLISH,False,-0.11600183999999998,True,True,0.12238505272128616,22.0,BEARISH,-0.2166,0.88,skipped,0.0282,HOLD,RANGING,skipped,NONE,0.0,0.71137,0.6724,PARTIAL,0.95,skipped,"[deterministic] weighted_score=-0.116 → SELL (thresholds: >=0.1 BUY, <=-0.1 SELL)",SL,0.6577
01/31/2023,0.70542,0.008123571428571428,HOLD,BEARISH,False,-0.07801361999999998,True,False,0.0957076908982922,22.0,BEARISH,-0.156,0.88,skipped,0.0354,HOLD,RANGING,skipped,NONE,0.0,0.71137,0.6724,PARTIAL,0.95,skipped,"[deterministic] weighted_score=-0.078 → HOLD (thresholds: >=0.1 BUY, <=-0.1 SELL)",HOLD_SKIP,0.6173
02/01/2023,0.7135,0.008117142857142863,SKIP,BEARISH,,0.0,,,,33.0,NEUTRAL,0.0045,1.0,skipped,-0.02,HOLD,RANGING,skipped,NONE,0.0,,,COHERENT,1.0,skipped,SKIP: weak signals — articles=33 |ce|=0.004 |tts|=0.020,QUALITY_GATE_SKIP,0.7253
02/02/2023,0.7076,0.008192857142857144,HOLD,BEARISH,False,0.05124299999999999,False,False,0.053108564051413884,33.0,BULLISH,0.0559,1.0,skipped,0.0503,HOLD,RANGING,skipped,NONE,0.0,0.7135,0.67512,PARTIAL,0.95,skipped,"[deterministic] weighted_score=0.0512 → HOLD (thresholds: >=0.1 BUY, <=-0.1 SELL)",HOLD_SKIP,1.0388
02/03/2023,0.69176,0.00881428571428571,HOLD,BULLISH,False,0.09692974999999995,True,False,0.30695,26.0,BULLISH,0.3289,1.0,skipped,-0.285,SELL,RANGING,skipped,NONE,0.0,0.7135,0.68742,PARTIAL,0.85,skipped,"[deterministic] weighted_score=0.0969 → HOLD (thresholds: >=0.1 BUY, <=-0.1 SELL)",HOLD_SKIP,0.7539
02/06/2023,0.68815,0.009014285714285706,HOLD,BULLISH,False,0.047400249999999984,False,False,0.08312504761466817,26.0,BULLISH,0.1081,1.0,skipped,-0.0582,HOLD,RANGING,skipped,BREAKOUT_DOWN,0.023,0.7135,0.68872,PARTIAL,0.95,skipped,"[deterministic] weighted_score=0.0474 → HOLD (thresholds: >=0.1 BUY, <=-0.1 SELL)",HOLD_SKIP,0.696
02/07/2023,0.69579,0.008881428571428564,BUY,BULLISH,True,0.17940749999999994,True,True,0.18449998913337215,30.0,BULLISH,0.318,1.0,skipped,-0.051,HOLD,TRANSITIONAL,skipped,NONE,0.0,0.7135,0.68815,PARTIAL,0.95,skipped,"[deterministic] weighted_score=0.1794 → BUY (thresholds: >=0.1 BUY, <=-0.1 SELL)",TIME,0.9062
02/08/2023,0.69267,0.008909999999999998,BUY,BULLISH,True,0.14251234999999998,True,True,0.17034999006399992,20.0,BULLISH,0.2897,0.8,skipped,-0.051,HOLD,TRANSITIONAL,skipped,NONE,0.0,0.7135,0.68815,PARTIAL,0.95,skipped,"[deterministic] weighted_score=0.1425 → BUY (thresholds: >=0.1 BUY, <=-0.1 SELL)",TIME,0.5583
02/09/2023,0.69355,0.00907928571428571,SKIP,BULLISH,,0.0,,,,7.0,BEARISH,-0.3223,0.28,skipped,-0.051,HOLD,TRANSITIONAL,skipped,NONE,0.0,,,PARTIAL,0.95,skipped,SKIP: weak signals — articles=7 |ce|=0.322 |tts|=0.051,QUALITY_GATE_SKIP,0.2361
02/10/2023,0.69143,0.008882142857142854,SKIP,BULLISH,,0.0,,,,9.0,BULLISH,0.2162,0.36,skipped,-0.051,HOLD,TRANSITIONAL,skipped,NONE,0.0,,,PARTIAL,0.95,skipped,SKIP: weak signals — articles=9 |ce|=0.216 |tts|=0.051,QUALITY_GATE_SKIP,0.2498
02/13/2023,0.69643,0.009015714285714285,SELL,BEARISH,True,-0.13348203,True,True,0.14384998854733744,11.0,BEARISH,-0.2367,0.44,skipped,-0.051,HOLD,TRANSITIONAL,skipped,NONE,0.0,0.7135,0.68815,PARTIAL,0.95,skipped,"[deterministic] weighted_score=-0.1335 → SELL (thresholds: >=0.1 BUY, <=-0.1 SELL)",TIME,0.3321
02/14/2023,0.69851,0.009144999999999999,SKIP,BEARISH,,0.0,,,,19.0,NEUTRAL,-0.0108,0.76,skipped,-0.051,HOLD,TRANSITIONAL,skipped,NONE,0.0,,,COHERENT,1.0,skipped,SKIP: weak signals — articles=19 |ce|=0.011 |tts|=0.051,QUALITY_GATE_SKIP,0.6129
02/15/2023,0.6902,0.00957857142857142,SKIP,BEARISH,,0.0,,,,14.0,NEUTRAL,0.0368,0.56,skipped,-0.051,HOLD,TRANSITIONAL,skipped,NONE,0.0,,,COHERENT,1.0,skipped,SKIP: weak signals — articles=14 |ce|=0.037 |tts|=0.051,QUALITY_GATE_SKIP,0.3912
02/16/2023,0.68781,0.009926428571428567,SELL,BEARISH,True,-0.21940287999999997,True,True,0.21020590523435756,18.0,BEARISH,-0.3674,0.72,skipped,-0.053,HOLD,TRANSITIONAL,skipped,BREAKOUT_DOWN,0.0134,0.7135,0.68815,PARTIAL,0.95,skipped,"[deterministic] weighted_score=-0.2194 → SELL (thresholds: >=0.1 BUY, <=-0.1 SELL)",TIME,0.555
02/17/2023,0.68761,0.009949999999999999,SKIP,BEARISH,,0.0,,,,19.0,NEUTRAL,0.001,0.76,skipped,-0.0522,HOLD,TRANSITIONAL,skipped,NONE,0.0,,,COHERENT,1.0,skipped,SKIP: weak signals — articles=19 |ce|=0.001 |tts|=0.052,QUALITY_GATE_SKIP,0.6968
02/20/2023,0.6906,0.00976071428571428,HOLD,BEARISH,False,-0.06667442,True,False,0.07089998676217814,11.0,BEARISH,-0.0908,0.44,skipped,-0.051,HOLD,TRANSITIONAL,skipped,NONE,0.0,0.7135,0.68761,PARTIAL,0.95,skipped,"[deterministic] weighted_score=-0.0667 → HOLD (thresholds: >=0.1 BUY, <=-0.1 SELL)",HOLD_SKIP,0.5319
02/21/2023,0.68515,0.009487142857142852,BUY,BEARISH,False,0.12969874999999995,True,True,0.15522629070415017,34.0,BULLISH,0.2452,1.0,skipped,-0.0653,HOLD,TRANSITIONAL,skipped,BREAKOUT_DOWN,0.095,0.7135,0.68761,PARTIAL,0.95,skipped,"[deterministic] weighted_score=0.1297 → BUY (thresholds: >=0.1 BUY, <=-0.1 SELL)",SL,1.2457
02/22/2023,0.68021,0.009329999999999996,HOLD,BEARISH,False,-0.06890046,True,False,0.07227769644337717,16.0,BEARISH,-0.075,0.64,skipped,-0.0696,HOLD,TRANSITIONAL,skipped,BREAKOUT_DOWN,0.1743,0.7135,0.68515,PARTIAL,0.95,skipped,"[deterministic] weighted_score=-0.0689 → HOLD (thresholds: >=0.1 BUY, <=-0.1 SELL)",HOLD_SKIP,0.5566
02/23/2023,0.68071,0.008585714285714283,HOLD,BEARISH,False,0.08952324999999997,True,False,0.10993086735654364,25.0,BULLISH,0.1712,1.0,skipped,-0.0487,HOLD,TRANSITIONAL,skipped,NONE,0.0,0.7135,0.68021,PARTIAL,0.95,skipped,"[deterministic] weighted_score=0.0895 → HOLD (thresholds: >=0.1 BUY, <=-0.1 SELL)",HOLD_SKIP,0.7648
02/24/2023,0.67219,0.00866071428571429,SKIP,BULLISH,,0.0,,,,7.0,BEARISH,-0.6591,0.28,skipped,-0.0031,HOLD,RANGING,skipped,NONE,0.0,,,PARTIAL,0.95,skipped,SKIP: weak signals — articles=7 |ce|=0.659 |tts|=0.003,QUALITY_GATE_SKIP,0.2324
02/27/2023,0.67381,0.00822571428571429,SKIP,BEARISH,,0.0,,,,7.0,BULLISH,0.1986,0.28,skipped,-0.0139,HOLD,RANGING,skipped,NONE,0.0,,,PARTIAL,0.95,skipped,SKIP: weak signals — articles=7 |ce|=0.199 |tts|=0.014,QUALITY_GATE_SKIP,0.2361
02/28/2023,0.6728,0.008050000000000002,HOLD,BULLISH,False,-0.07830982999999998,True,False,0.083342424867626,12.0,BEARISH,-0.1599,0.48,skipped,-0.0068,HOLD,RANGING,skipped,NONE,0.0,0.7135,0.67219,PARTIAL,0.95,skipped,"[deterministic] weighted_score=-0.0783 → HOLD (thresholds: >=0.1 BUY, <=-0.1 SELL)",HOLD_SKIP,0.3309
03/01/2023,0.67596,0.008037857142857143,HOLD,BEARISH,False,0.05548493999999999,False,False,0.09170332162644759,19.0,BULLISH,0.1358,0.76,skipped,-0.0476,HOLD,RANGING,skipped,NONE,0.0,0.7135,0.67219,PARTIAL,0.95,skipped,"[deterministic] weighted_score=0.0555 → HOLD (thresholds: >=0.1 BUY, <=-0.1 SELL)",HOLD_SKIP,0.5627
03/02/2023,0.67295,0.008094285714285712,SKIP,BEARISH,,0.0,,,,8.0,NEUTRAL,0.0435,0.32,skipped,-0.0237,HOLD,RANGING,skipped,NONE,0.0,,,COHERENT,1.0,skipped,SKIP: weak signals — articles=8 |ce|=0.043 |tts|=0.024,QUALITY_GATE_SKIP,0.2548
03/03/2023,0.67674,0.007869285714285705,HOLD,BEARISH,False,-0.07750195,True,False,0.08314998148391585,10.0,BEARISH,-0.1093,0.4,skipped,-0.057,HOLD,RANGING,skipped,NONE,0.0,0.69851,0.67219,PARTIAL,0.95,skipped,"[deterministic] weighted_score=-0.0775 → HOLD (thresholds: >=0.1 BUY, <=-0.1 SELL)",HOLD_SKIP,0.4012
03/06/2023,0.67297,0.007456428571428563,HOLD,BEARISH,False,0.018733999999999994,False,False,0.046380413221415534,27.0,BULLISH,0.0522,1.0,skipped,-0.0406,HOLD,RANGING,skipped,NONE,0.0,0.69851,0.67219,PARTIAL,0.95,skipped,"[deterministic] weighted_score=0.0187 → HOLD (thresholds: >=0.1 BUY, <=-0.1 SELL)",HOLD_SKIP,0.9474
03/07/2023,0.65832,0.007745714285714285,SKIP,BULLISH,,0.0,,,,38.0,NEUTRAL,0.0082,1.0,skipped,0.0468,HOLD,RANGING,skipped,NONE,0.0,,,COHERENT,1.0,skipped,SKIP: weak signals — articles=38 |ce|=0.008 |tts|=0.047,QUALITY_GATE_SKIP,1.0933
03/08/2023,0.65883,0.007476428571428566,SKIP,BULLISH,,0.0,,,,50.0,NEUTRAL,-0.0007,1.0,skipped,0.0477,HOLD,RANGING,skipped,NONE,0.0,,,COHERENT,1.0,skipped,SKIP: weak signals — articles=50 |ce|=0.001 |tts|=0.048,QUALITY_GATE_SKIP,1.434
03/09/2023,0.65885,0.007364999999999995,SELL,BULLISH,False,-0.14592550999999998,True,True,0.17314721083626927,18.0,BEARISH,-0.3039,0.72,skipped,0.0424,HOLD,TRANSITIONAL,skipped,NONE,0.0,0.69851,0.65832,PARTIAL,0.95,skipped,"[deterministic] weighted_score=-0.1459 → SELL (thresholds: >=0.1 BUY, <=-0.1 SELL)",SL,0.5452
03/10/2023,0.65781,0.007488571428571423,BUY,BULLISH,True,0.24914699999999992,True,True,0.21241234991355243,39.0,BULLISH,0.3786,1.0,skipped,0.0462,HOLD,TRANSITIONAL,skipped,BREAKOUT_DOWN,0.0127,0.69851,0.65832,PARTIAL,0.95,skipped,"[deterministic] weighted_score=0.2491 → BUY (thresholds: >=0.1 BUY, <=-0.1 SELL)",TIME,1.0033
03/13/2023,0.6666,0.007954285714285707,BUY,BEARISH,False,0.18394394,True,True,0.21609998154241167,18.0,BULLISH,0.3812,0.72,skipped,-0.051,HOLD,TRANSITIONAL,skipped,NONE,0.0,0.69851,0.65781,PARTIAL,0.95,skipped,"[deterministic] weighted_score=0.1839 → BUY (thresholds: >=0.1 BUY, <=-0.1 SELL)",TIME,0.587
03/14/2023,0.66794,0.007927857142857138,SKIP,BEARISH,,0.0,,,,8.0,BEARISH,-0.1548,0.32,skipped,-0.051,HOLD,TRANSITIONAL,skipped,NONE,0.0,,,PARTIAL,0.95,skipped,SKIP: weak signals — articles=8 |ce|=0.155 |tts|=0.051,QUALITY_GATE_SKIP,0.2381
03/15/2023,0.6613,0.008374285714285714,SKIP,BULLISH,,0.0,,,,7.0,BEARISH,-0.1072,0.28,skipped,-0.0225,HOLD,TRANSITIONAL,skipped,NONE,0.0,,,PARTIAL,0.95,skipped,SKIP: weak signals — articles=7 |ce|=0.107 |tts|=0.022,QUALITY_GATE_SKIP,0.2289
03/16/2023,0.66521,0.008036428571428564,HOLD,BULLISH,False,0.03866214999999999,False,False,0.09754977567240815,10.0,BULLISH,0.1441,0.4,skipped,-0.051,HOLD,TRANSITIONAL,skipped,NONE,0.0,0.6906,0.65781,PARTIAL,0.95,skipped,"[deterministic] weighted_score=0.0387 → HOLD (thresholds: >=0.1 BUY, <=-0.1 SELL)",HOLD_SKIP,0.3112
03/17/2023,0.6695,0.008242142857142849,SKIP,BULLISH,,0.0,,,,3.0,BEARISH,-0.3279,0.12,skipped,0.255,BUY,TRANSITIONAL,skipped,NONE,0.0,,,PARTIAL,0.85,skipped,SKIP: signal_mismatch — need CE strong (TTS unreliable),QUALITY_GATE_SKIP,0.1356
03/20/2023,0.67163,0.008317857142857139,BUY,BEARISH,False,0.10073001999999999,True,True,0.10669997562785472,12.0,BULLISH,0.1624,0.48,skipped,0.051,HOLD,TRANSITIONAL,skipped,NONE,0.0,0.6906,0.65781,PARTIAL,0.95,skipped,"[deterministic] weighted_score=0.1007 → BUY (thresholds: >=0.1 BUY, <=-0.1 SELL)",TIME,0.3257
03/21/2023,0.6668,0.008237857142857139,BUY,BULLISH,True,0.11727484,True,True,0.12439997936221418,12.0,BULLISH,0.2038,0.48,skipped,0.045,HOLD,TRENDING,skipped,NONE,0.0,0.68515,0.65781,PARTIAL,0.95,skipped,"[deterministic] weighted_score=0.1173 → BUY (thresholds: >=0.1 BUY, <=-0.1 SELL)",TIME,0.3374
03/22/2023,0.66821,0.008515000000000003,SKIP,BULLISH,,0.0,,,,1.0,NEUTRAL,0.0,0.04,skipped,0.045,HOLD,TRENDING,skipped,NONE,0.0,,,COHERENT,1.0,skipped,SKIP: weak signals — articles=1 |ce|=0.000 |tts|=0.045,QUALITY_GATE_SKIP,0.0749
03/23/2023,0.66872,0.008752142857142866,SKIP,BEARISH,,0.0,,,,1.0,NEUTRAL,0.0,0.04,skipped,0.045,HOLD,TRENDING,skipped,NONE,0.0,,,COHERENT,1.0,skipped,SKIP: weak signals — articles=1 |ce|=0.000 |tts|=0.045,QUALITY_GATE_SKIP,0.0238
03/24/2023,0.6645,0.00888571428571429,SKIP,BULLISH,,0.0,,,,1.0,NEUTRAL,0.0,0.04,skipped,0.045,HOLD,TRENDING,skipped,NONE,0.0,,,COHERENT,1.0,skipped,SKIP: weak signals — articles=1 |ce|=0.000 |tts|=0.045,QUALITY_GATE_SKIP,0.0282
03/27/2023,0.66484,0.007930000000000001,SKIP,BULLISH,,0.0,,,,4.0,BULLISH,0.8016,0.16,skipped,0.045,HOLD,TRENDING,skipped,NONE,0.0,,,PARTIAL,0.95,skipped,SKIP: weak signals — articles=4 |ce|=0.802 |tts|=0.045,QUALITY_GATE_SKIP,0.1189
03/28/2023,0.6705,0.00795714285714286,SKIP,BEARISH,,0.0,,,,4.0,BULLISH,0.4648,0.16,skipped,0.045,HOLD,TRENDING,skipped,NONE,0.0,,,PARTIAL,0.95,skipped,SKIP: weak signals — articles=4 |ce|=0.465 |tts|=0.045,QUALITY_GATE_SKIP,0.1263
03/29/2023,0.66818,0.007916428571428578,SKIP,BULLISH,,0.0,,,,2.0,BEARISH,-0.968,0.08,skipped,0.045,HOLD,TRENDING,skipped,NONE,0.0,,,PARTIAL,0.95,skipped,SKIP: weak signals — articles=2 |ce|=0.968 |tts|=0.045,QUALITY_GATE_SKIP,0.0919
03/30/2023,0.67109,0.00779785714285715,SKIP,BULLISH,,0.0,,,,5.0,BULLISH,0.3515,0.2,skipped,0.045,HOLD,TRENDING,skipped,NONE,0.0,,,PARTIAL,0.95,skipped,SKIP: weak signals — articles=5 |ce|=0.351 |tts|=0.045,QUALITY_GATE_SKIP,0.1466
03/31/2023,0.6685,0.007315000000000008,SKIP,BULLISH,,0.0,,,,5.0,BULLISH,0.0693,0.2,skipped,0.045,HOLD,TRENDING,skipped,NONE,0.0,,,PARTIAL,0.95,skipped,SKIP: weak signals — articles=5 |ce|=0.069 |tts|=0.045,QUALITY_GATE_SKIP,0.1576
04/03/2023,0.6782,0.007837142857142867,BUY,BEARISH,False,0.17639333999999998,True,True,0.17909871242478814,17.0,BULLISH,0.24,0.68,skipped,0.1182,HOLD,TRENDING,skipped,BREAKOUT_UP,0.345,0.67297,0.65781,PARTIAL,0.95,skipped,"[deterministic] weighted_score=0.1764 → BUY (thresholds: >=0.1 BUY, <=-0.1 SELL)",SL,0.7482
04/04/2023,0.67515,0.007472142857142864,HOLD,BEARISH,False,-0.08433149999999999,True,False,0.10289998821758899,42.0,BEARISH,-0.1608,1.0,skipped,0.045,HOLD,TRENDING,skipped,NONE,0.0,0.6782,0.65781,PARTIAL,0.95,skipped,"[deterministic] weighted_score=-0.0843 → HOLD (thresholds: >=0.1 BUY, <=-0.1 SELL)",HOLD_SKIP,1.2734
04/05/2023,0.67209,0.0077857142857143,HOLD,BEARISH,False,-0.05356213999999998,False,False,0.08769998664681433,19.0,BEARISH,-0.1304,0.76,skipped,0.045,HOLD,TRENDING,skipped,NONE,0.0,0.6782,0.65781,PARTIAL,0.95,skipped,"[deterministic] weighted_score=-0.0536 → HOLD (thresholds: >=0.1 BUY, <=-0.1 SELL)",HOLD_SKIP,0.5254
04/06/2023,0.6671,0.0077471428571428734,BUY,BEARISH,False,0.26887128,True,True,0.2801999806141531,13.0,BULLISH,0.5154,0.52,skipped,0.045,HOLD,TRENDING,skipped,NONE,0.0,0.6782,0.65781,PARTIAL,0.95,skipped,"[deterministic] weighted_score=0.2689 → BUY (thresholds: >=0.1 BUY, <=-0.1 SELL)",TIME,0.4198
04/07/2023,0.6668,0.007634285714285728,SKIP,BULLISH,,0.0,,,,26.0,NEUTRAL,0.0353,1.0,skipped,0.045,HOLD,TRENDING,skipped,NONE,0.0,,,COHERENT,1.0,skipped,SKIP: weak signals — articles=26 |ce|=0.035 |tts|=0.045,QUALITY_GATE_SKIP,0.7406
04/10/2023,0.66401,0.0075042857142857255,BUY,BULLISH,True,0.11419474999999998,True,True,0.10284993173986692,62.0,BULLISH,0.1607,1.0,skipped,0.045,HOLD,TRENDING,skipped,NONE,0.0,0.6782,0.6613,PARTIAL,0.95,skipped,"[deterministic] weighted_score=0.1142 → BUY (thresholds: >=0.1 BUY, <=-0.1 SELL)",TP,2.0315
04/11/2023,0.6652,0.007078571428571434,HOLD,BULLISH,False,-0.016412010000000008,False,False,0.057449825196087004,16.0,BEARISH,-0.0699,0.64,skipped,0.045,HOLD,TRENDING,skipped,NONE,0.0,0.6782,0.6613,PARTIAL,0.95,skipped,"[deterministic] weighted_score=-0.0164 → HOLD (thresholds: >=0.1 BUY, <=-0.1 SELL)",HOLD_SKIP,0.5315
04/12/2023,0.6691,0.006991428571428577,BUY,BULLISH,True,0.17118999999999998,True,True,0.14899991435383214,40.0,BULLISH,0.253,1.0,skipped,0.045,HOLD,TRENDING,skipped,NONE,0.0,0.6782,0.6613,PARTIAL,0.95,skipped,"[deterministic] weighted_score=0.1712 → BUY (thresholds: >=0.1 BUY, <=-0.1 SELL)",TIME,1.1499
04/13/2023,0.67819,0.007282142857142864,HOLD,BEARISH,False,-0.08236024999999998,True,False,0.09615525550634126,40.0,BEARISH,-0.154,1.0,skipped,0.0383,HOLD,TRENDING,skipped,NONE,0.0,0.6782,0.66401,PARTIAL,0.95,skipped,"[deterministic] weighted_score=-0.0824 → HOLD (thresholds: >=0.1 BUY, <=-0.1 SELL)",HOLD_SKIP,1.0479
04/14/2023,0.6708,0.007832142857142867,SKIP,BULLISH,,0.0,,,,11.0,NEUTRAL,-0.0422,0.44,skipped,0.045,HOLD,TRENDING,skipped,NONE,0.0,,,COHERENT,1.0,skipped,SKIP: weak signals — articles=11 |ce|=0.042 |tts|=0.045,QUALITY_GATE_SKIP,0.3364
04/17/2023,0.67018,0.0076464285714285775,SKIP,BULLISH,,0.0,,,,8.0,BULLISH,0.0856,0.32,skipped,0.045,HOLD,TRENDING,skipped,NONE,0.0,,,PARTIAL,0.95,skipped,SKIP: weak signals — articles=8 |ce|=0.086 |tts|=0.045,QUALITY_GATE_SKIP,0.256
04/18/2023,0.67267,0.007619285714285717,BUY,BEARISH,False,0.14216807,True,True,0.13944997087178038,17.0,BULLISH,0.2339,0.68,skipped,0.045,HOLD,TRENDING,skipped,NONE,0.0,0.6782,0.66401,PARTIAL,0.95,skipped,"[deterministic] weighted_score=0.1422 → BUY (thresholds: >=0.1 BUY, <=-0.1 SELL)",TIME,0.5255
04/19/2023,0.67127,0.007562857142857141,BUY,BULLISH,True,0.15808664999999997,True,True,0.15224996722018136,18.0,BULLISH,0.2595,0.72,skipped,0.045,HOLD,TRENDING,skipped,NONE,0.0,0.6782,0.66401,PARTIAL,0.95,skipped,"[deterministic] weighted_score=0.1581 → BUY (thresholds: >=0.1 BUY, <=-0.1 SELL)",TIME,0.6308
04/20/2023,0.6741,0.007594285714285712,SKIP,BEARISH,,0.0,,,,9.0,BEARISH,-0.1827,0.36,skipped,0.045,HOLD,TRENDING,skipped,NONE,0.0,,,PARTIAL,0.95,skipped,SKIP: weak signals — articles=9 |ce|=0.183 |tts|=0.045,QUALITY_GATE_SKIP,0.1819
04/21/2023,0.669,0.007090000000000001,SELL,BEARISH,True,-0.12403922,True,True,0.17769995379609624,12.0,BEARISH,-0.3104,0.48,skipped,0.045,HOLD,TRENDING,skipped,NONE,0.0,0.6782,0.66401,PARTIAL,0.95,skipped,"[deterministic] weighted_score=-0.124 → SELL (thresholds: >=0.1 BUY, <=-0.1 SELL)",TIME,0.2968
04/24/2023,0.6693,0.006807857142857143,HOLD,BEARISH,False,-0.012740639999999994,False,False,0.05159992472447898,18.0,BEARISH,-0.0582,0.72,skipped,0.045,HOLD,TRENDING,skipped,NONE,0.0,0.6782,0.66401,PARTIAL,0.95,skipped,"[deterministic] weighted_score=-0.0127 → HOLD (thresholds: >=0.1 BUY, <=-0.1 SELL)",HOLD_SKIP,0.4893
04/25/2023,0.66267,0.006727857142857142,SELL,BEARISH,True,-0.1178475,True,True,0.13110408655362324,15.0,NEUTRAL,-0.0136,0.6,skipped,-0.2486,SELL,TRENDING,skipped,BREAKOUT_DOWN,0.0944,0.6782,0.66401,PARTIAL,0.95,skipped,"[deterministic] weighted_score=-0.1178 → SELL (thresholds: >=0.1 BUY, <=-0.1 SELL)",TIME,0.5556
04/26/2023,0.6604,0.006555000000000001,HOLD,BULLISH,False,-0.004931639999999993,False,False,0.06857709767681985,17.0,BULLISH,0.056,0.68,skipped,-0.0812,HOLD,TRENDING,skipped,BREAKOUT_DOWN,0.1462,0.6782,0.66267,PARTIAL,0.95,skipped,"[deterministic] weighted_score=-0.0049 → HOLD (thresholds: >=0.1 BUY, <=-0.1 SELL)",HOLD_SKIP,0.6134
04/27/2023,0.66269,0.00648357142857143,SKIP,BULLISH,,0.0,,,,15.0,NEUTRAL,0.0024,0.6,skipped,-0.045,HOLD,TRENDING,skipped,NONE,0.0,,,COHERENT,1.0,skipped,SKIP: weak signals — articles=15 |ce|=0.002 |tts|=0.045,QUALITY_GATE_SKIP,0.4898
04/28/2023,0.66112,0.006535000000000005,SKIP,BULLISH,,0.0,,,,9.0,BULLISH,0.152,0.36,skipped,-0.045,HOLD,TRENDING,skipped,NONE,0.0,,,PARTIAL,0.95,skipped,SKIP: weak signals — articles=9 |ce|=0.152 |tts|=0.045,QUALITY_GATE_SKIP,0.215
05/01/2023,0.66266,0.006677142857142858,HOLD,BULLISH,False,-0.08766637999999999,True,False,0.08589997375255752,19.0,BEARISH,-0.1268,0.76,skipped,-0.045,HOLD,TRENDING,skipped,NONE,0.0,0.6782,0.6604,PARTIAL,0.95,skipped,"[deterministic] weighted_score=-0.0877 → HOLD (thresholds: >=0.1 BUY, <=-0.1 SELL)",HOLD_SKIP,0.3833
05/02/2023,0.66619,0.006825714285714284,SELL,BULLISH,False,-0.10142047999999998,True,True,0.09339995668544768,24.0,BEARISH,-0.1418,0.96,skipped,-0.045,HOLD,TRENDING,skipped,NONE,0.0,0.67819,0.6604,PARTIAL,0.95,skipped,"[deterministic] weighted_score=-0.1014 → SELL (thresholds: >=0.1 BUY, <=-0.1 SELL)",SL,0.5988
05/03/2023,0.66706,0.006405000000000002,SKIP,BULLISH,,0.0,,,,22.0,NEUTRAL,0.0243,0.88,skipped,-0.045,HOLD,TRENDING,skipped,NONE,0.0,,,COHERENT,1.0,skipped,SKIP: weak signals — articles=22 |ce|=0.024 |tts|=0.045,QUALITY_GATE_SKIP,0.6466
05/04/2023,0.66916,0.006080714285714288,HOLD,BULLISH,False,-0.05267620000000001,False,False,0.277,14.0,BEARISH,-0.329,0.56,skipped,0.225,BUY,TRENDING,skipped,NONE,0.0,0.67819,0.6604,PARTIAL,0.85,skipped,"[deterministic] weighted_score=-0.0527 → HOLD (thresholds: >=0.1 BUY, <=-0.1 SELL)",HOLD_SKIP,0.5443
05/05/2023,0.6748,0.00630714285714286,HOLD,BULLISH,False,0.07436599999999999,True,False,0.07059996916837734,30.0,BULLISH,0.0962,1.0,skipped,0.045,HOLD,TRENDING,skipped,NONE,0.0,0.67819,0.6604,PARTIAL,0.95,skipped,"[deterministic] weighted_score=0.0744 → HOLD (thresholds: >=0.1 BUY, <=-0.1 SELL)",HOLD_SKIP,0.9312
05/08/2023,0.67799,0.006397142857142856,HOLD,BEARISH,False,0.065322,True,False,0.06837922128776265,13.0,BULLISH,0.0984,0.52,skipped,0.0384,HOLD,TRENDING,skipped,NONE,0.0,0.67819,0.6604,PARTIAL,0.95,skipped,"[deterministic] weighted_score=0.0653 → HOLD (thresholds: >=0.1 BUY, <=-0.1 SELL)",HOLD_SKIP,0.3245
05/09/2023,0.67598,0.006323571428571428,SKIP,BEARISH,,0.0,,,,9.0,BEARISH,-0.0735,0.36,skipped,0.045,HOLD,TRENDING,skipped,NONE,0.0,,,PARTIAL,0.95,skipped,SKIP: weak signals — articles=9 |ce|=0.073 |tts|=0.045,QUALITY_GATE_SKIP,0.285
05/10/2023,0.6776,0.006320714285714283,SELL,BEARISH,True,-0.16423885,True,True,0.20554998562999546,15.0,BEARISH,-0.3661,0.6,skipped,0.045,HOLD,TRENDING,skipped,NONE,0.0,0.67819,0.6604,PARTIAL,0.95,skipped,"[deterministic] weighted_score=-0.1642 → SELL (thresholds: >=0.1 BUY, <=-0.1 SELL)",TP,0.4157
05/11/2023,0.6702,0.0065964285714285665,SKIP,BEARISH,,0.0,,,,5.0,NEUTRAL,-0.0387,0.2,skipped,0.045,HOLD,TRENDING,skipped,NONE,0.0,,,COHERENT,1.0,skipped,SKIP: weak signals — articles=5 |ce|=0.039 |tts|=0.045,QUALITY_GATE_SKIP,0.1477
05/12/2023,0.66391,0.006863571428571429,SKIP,BULLISH,,0.0,,,,7.0,BEARISH,-0.3327,0.28,skipped,0.045,HOLD,TRENDING,skipped,NONE,0.0,,,PARTIAL,0.95,skipped,SKIP: weak signals — articles=7 |ce|=0.333 |tts|=0.045,QUALITY_GATE_SKIP,0.2296
05/15/2023,0.66985,0.006700714285714282,SKIP,BEARISH,,0.0,,,,4.0,BEARISH,-0.6252,0.16,skipped,0.045,HOLD,TRENDING,skipped,NONE,0.0,,,PARTIAL,0.95,skipped,SKIP: weak signals — articles=4 |ce|=0.625 |tts|=0.045,QUALITY_GATE_SKIP,0.1448
05/16/2023,0.66563,0.00677928571428571,SELL,BEARISH,True,-0.11341518,True,True,0.13169999999999998,18.0,NEUTRAL,-0.0384,0.72,skipped,-0.225,SELL,TRENDING,skipped,NONE,0.0,0.67799,0.6604,PARTIAL,0.95,skipped,"[deterministic] weighted_score=-0.1134 → SELL (thresholds: >=0.1 BUY, <=-0.1 SELL)",TIME,0.5904
05/17/2023,0.66606,0.00680642857142857,SKIP,BEARISH,,0.0,,,,8.0,BEARISH,-0.2633,0.32,skipped,-0.045,HOLD,TRENDING,skipped,NONE,0.0,,,PARTIAL,0.95,skipped,SKIP: weak signals — articles=8 |ce|=0.263 |tts|=0.045,QUALITY_GATE_SKIP,0.2439
05/18/2023,0.6621,0.006764285714285715,SKIP,BULLISH,,0.0,,,,9.0,BEARISH,-0.4467,0.36,skipped,-0.045,HOLD,TRENDING,skipped,NONE,0.0,,,PARTIAL,0.95,skipped,SKIP: weak signals — articles=9 |ce|=0.447 |tts|=0.045,QUALITY_GATE_SKIP,0.2154
05/19/2023,0.665,0.006755714285714294,SKIP,BEARISH,,0.0,,,,8.0,BULLISH,0.1198,0.32,skipped,-0.045,HOLD,TRENDING,skipped,NONE,0.0,,,PARTIAL,0.95,skipped,SKIP: weak signals — articles=8 |ce|=0.120 |tts|=0.045,QUALITY_GATE_SKIP,0.1949
05/22/2023,0.66483,0.006360000000000009,SELL,BEARISH,True,-0.11931087999999998,True,True,0.12859996460044934,11.0,BEARISH,-0.2122,0.44,skipped,-0.045,HOLD,TRENDING,skipped,NONE,0.0,0.67799,0.6604,PARTIAL,0.95,skipped,"[deterministic] weighted_score=-0.1193 → SELL (thresholds: >=0.1 BUY, <=-0.1 SELL)",TP,0.2756
05/23/2023,0.661,0.0063757142857142944,HOLD,BEARISH,False,0.05382928,False,False,0.08119997276100063,23.0,BULLISH,0.1174,0.92,skipped,-0.045,HOLD,TRENDING,skipped,NONE,0.0,0.67799,0.6604,PARTIAL,0.95,skipped,"[deterministic] weighted_score=0.0538 → HOLD (thresholds: >=0.1 BUY, <=-0.1 SELL)",HOLD_SKIP,0.608
05/24/2023,0.65454,0.00652428571428572,HOLD,BEARISH,False,0.004948550000000005,False,False,0.09762617490432299,15.0,BULLISH,0.097,0.6,skipped,-0.0983,HOLD,TRENDING,skipped,BREAKOUT_DOWN,0.3331,0.67799,0.6604,PARTIAL,0.95,skipped,"[deterministic] weighted_score=0.0049 → HOLD (thresholds: >=0.1 BUY, <=-0.1 SELL)",HOLD_SKIP,0.4858
05/25/2023,0.65067,0.006362857142857147,SKIP,BULLISH,,0.0,,,,5.0,BULLISH,0.8079,0.2,skipped,-0.0232,HOLD,TRENDING,skipped,NONE,0.0,,,PARTIAL,0.95,skipped,SKIP: weak signals — articles=5 |ce|=0.808 |tts|=0.023,QUALITY_GATE_SKIP,0.2131
05/26/2023,0.6517,0.006295000000000003,SKIP,BEARISH,,0.0,,,,7.0,BEARISH,-0.4339,0.28,skipped,-0.0045,HOLD,TRENDING,skipped,NONE,0.0,,,PARTIAL,0.95,skipped,SKIP: weak signals — articles=7 |ce|=0.434 |tts|=0.004,QUALITY_GATE_SKIP,0.2012
05/29/2023,0.6538,0.006260000000000011,SKIP,BEARISH,,0.0,,,,2.0,BULLISH,0.1573,0.08,skipped,-0.0296,HOLD,TRENDING,skipped,NONE,0.0,,,PARTIAL,0.95,skipped,SKIP: weak signals — articles=2 |ce|=0.157 |tts|=0.030,QUALITY_GATE_SKIP,0.1289
05/30/2023,0.6516,0.006132142857142872,HOLD,BULLISH,False,0.03652978,False,False,0.05410843218911299,11.0,BULLISH,0.0945,0.44,skipped,-0.0137,HOLD,TRENDING,skipped,NONE,0.0,0.67799,0.65067,PARTIAL,0.95,skipped,"[deterministic] weighted_score=0.0365 → HOLD (thresholds: >=0.1 BUY, <=-0.1 SELL)",HOLD_SKIP,0.3402
05/31/2023,0.65011,0.00594428571428572,BUY,BULLISH,True,0.19549099999999994,True,True,0.16460332207707407,27.0,BULLISH,0.321,1.0,skipped,-0.0082,HOLD,TRENDING,skipped,BREAKOUT_DOWN,0.0205,0.67799,0.65067,PARTIAL,0.95,skipped,"[deterministic] weighted_score=0.1955 → BUY (thresholds: >=0.1 BUY, <=-0.1 SELL)",TP,0.7126
06/01/2023,0.65699,0.006139285714285713,HOLD,BULLISH,False,0.09730185,True,False,0.1177499772049724,23.0,BULLISH,0.1905,0.92,skipped,-0.045,HOLD,TRENDING,skipped,NONE,0.0,0.67799,0.65011,PARTIAL,0.95,skipped,"[deterministic] weighted_score=0.0973 → HOLD (thresholds: >=0.1 BUY, <=-0.1 SELL)",HOLD_SKIP,0.7085
06/02/2023,0.66042,0.0061350000000000016,HOLD,BULLISH,False,-0.06015362,True,False,0.061899928245807076,16.0,BEARISH,-0.0788,0.64,skipped,-0.045,HOLD,TRENDING,skipped,NONE,0.0,0.67799,0.65011,PARTIAL,0.95,skipped,"[deterministic] weighted_score=-0.0602 → HOLD (thresholds: >=0.1 BUY, <=-0.1 SELL)",HOLD_SKIP,0.7194
06/05/2023,0.66167,0.006130000000000001,HOLD,BULLISH,False,0.01853850000000003,False,False,0.1563,27.0,BEARISH,-0.0876,1.0,skipped,0.225,BUY,TRENDING,skipped,NONE,0.0,0.67799,0.65011,PARTIAL,0.85,skipped,"[deterministic] weighted_score=0.0185 → HOLD (thresholds: >=0.1 BUY, <=-0.1 SELL)",HOLD_SKIP,1.1275
06/06/2023,0.66682,0.006352857142857137,BUY,BULLISH,True,0.17217799999999997,True,True,0.14979997578330226,28.0,BULLISH,0.2546,1.0,skipped,0.045,HOLD,TRENDING,skipped,NONE,0.0,0.6776,0.65011,PARTIAL,0.95,skipped,"[deterministic] weighted_score=0.1722 → BUY (thresholds: >=0.1 BUY, <=-0.1 SELL)",TIME,0.6035
06/07/2023,0.66528,0.0064507142857142775,HOLD,BULLISH,False,-0.042897249999999984,False,False,0.06934998193308492,25.0,BEARISH,-0.0937,1.0,skipped,0.045,HOLD,TRENDING,skipped,NONE,0.0,0.6776,0.65011,PARTIAL,0.95,skipped,"[deterministic] weighted_score=-0.0429 → HOLD (thresholds: >=0.1 BUY, <=-0.1 SELL)",HOLD_SKIP,0.7575
06/08/2023,0.67111,0.006501428571428555,HOLD,BULLISH,False,-0.05553338999999999,False,False,0.11616200796053558,12.0,BEARISH,-0.176,0.48,skipped,0.0563,HOLD,TRENDING,skipped,BREAKOUT_UP,0.0453,0.6702,0.65011,PARTIAL,0.95,skipped,"[deterministic] weighted_score=-0.0555 → HOLD (thresholds: >=0.1 BUY, <=-0.1 SELL)",HOLD_SKIP,0.372
06/09/2023,0.6739,0.006632857142857123,BUY,BULLISH,True,0.1930913,True,True,0.2121957080644544,10.0,BULLISH,0.3613,0.4,skipped,0.0631,HOLD,TRENDING,skipped,BREAKOUT_UP,0.1329,0.67111,0.65011,PARTIAL,0.95,skipped,"[deterministic] weighted_score=0.1931 → BUY (thresholds: >=0.1 BUY, <=-0.1 SELL)",TIME,0.2271
06/12/2023,0.6752,0.006533571428571409,HOLD,BULLISH,False,0.07837176999999998,True,False,0.07204715882082599,24.0,BULLISH,0.1099,0.96,skipped,0.0342,HOLD,TRENDING,skipped,BREAKOUT_UP,0.0546,0.6739,0.65011,PARTIAL,0.95,skipped,"[deterministic] weighted_score=0.0784 → HOLD (thresholds: >=0.1 BUY, <=-0.1 SELL)",HOLD_SKIP,0.7198
06/13/2023,0.67645,0.0064071428571428335,HOLD,BULLISH,False,-0.05723541,False,False,0.08313337110135631,13.0,BEARISH,-0.1424,0.52,skipped,0.0239,HOLD,TRENDING,skipped,BREAKOUT_UP,0.0498,0.6752,0.65011,PARTIAL,0.95,skipped,"[deterministic] weighted_score=-0.0572 → HOLD (thresholds: >=0.1 BUY, <=-0.1 SELL)",HOLD_SKIP,0.3438
06/14/2023,0.67948,0.006636428571428551,HOLD,BULLISH,False,-0.04428881,False,False,0.06304335487013213,14.0,BEARISH,-0.1074,0.56,skipped,0.0187,HOLD,TRENDING,skipped,BREAKOUT_UP,0.115,0.67645,0.65011,PARTIAL,0.95,skipped,"[deterministic] weighted_score=-0.0443 → HOLD (thresholds: >=0.1 BUY, <=-0.1 SELL)",HOLD_SKIP,0.9672
06/15/2023,0.68798,0.0071614285714285564,HOLD,BEARISH,False,-0.07190549999999998,True,False,0.06548159000675068,20.0,BEARISH,-0.1294,0.8,skipped,0.0016,HOLD,TRENDING,skipped,BREAKOUT_UP,0.2894,0.67948,0.65011,PARTIAL,0.95,skipped,"[deterministic] weighted_score=-0.0719 → HOLD (thresholds: >=0.1 BUY, <=-0.1 SELL)",HOLD_SKIP,1.0891
06/16/2023,0.68707,0.0072185714285714075,SKIP,BEARISH,,0.0,,,,9.0,BULLISH,0.1263,0.36,skipped,-0.0476,HOLD,TRENDING,skipped,NONE,0.0,,,PARTIAL,0.95,skipped,SKIP: weak signals — articles=9 |ce|=0.126 |tts|=0.048,QUALITY_GATE_SKIP,0.2421
06/19/2023,0.6847,0.007162142857142839,SKIP,BEARISH,,0.0,,,,9.0,BEARISH,-0.1735,0.36,skipped,-0.016,HOLD,TRENDING,skipped,NONE,0.0,,,PARTIAL,0.95,skipped,SKIP: weak signals — articles=9 |ce|=0.173 |tts|=0.016,QUALITY_GATE_SKIP,0.2891
06/20/2023,0.67839,0.007310714285714274,SELL,BEARISH,True,-0.22825117999999997,True,True,0.23229998993073606,22.0,BEARISH,-0.4196,0.88,skipped,0.045,HOLD,TRENDING,skipped,NONE,0.0,0.68798,0.65011,PARTIAL,0.95,skipped,"[deterministic] weighted_score=-0.2283 → SELL (thresholds: >=0.1 BUY, <=-0.1 SELL)",TIME,0.6159
06/21/2023,0.67933,0.0070657142857142785,HOLD,BEARISH,False,-0.09535244999999998,True,False,0.15464998651691403,10.0,BEARISH,-0.2643,0.4,skipped,0.045,HOLD,TRENDING,skipped,NONE,0.0,0.68798,0.65011,PARTIAL,0.95,skipped,"[deterministic] weighted_score=-0.0954 → HOLD (thresholds: >=0.1 BUY, <=-0.1 SELL)",HOLD_SKIP,0.2712
06/22/2023,0.67553,0.007014285714285703,HOLD,BEARISH,False,0.09163719,True,False,0.09584997639036735,13.0,BULLISH,0.1467,0.52,skipped,0.045,HOLD,TRENDING,skipped,NONE,0.0,0.68798,0.65011,PARTIAL,0.95,skipped,"[deterministic] weighted_score=0.0916 → HOLD (thresholds: >=0.1 BUY, <=-0.1 SELL)",HOLD_SKIP,0.4055
06/23/2023,0.6677,0.007341428571428562,SKIP,BEARISH,,0.0,,,,4.0,BULLISH,0.4635,0.16,skipped,-0.225,SELL,TRENDING,skipped,NONE,0.0,,,PARTIAL,0.85,skipped,SKIP: signal_mismatch — need CE strong (TTS unreliable),QUALITY_GATE_SKIP,0.1357
06/26/2023,0.66731,0.006987142857142851,SKIP,BEARISH,,0.0,,,,4.0,BULLISH,0.7138,0.16,skipped,-0.045,HOLD,TRENDING,skipped,NONE,0.0,,,PARTIAL,0.95,skipped,SKIP: weak signals — articles=4 |ce|=0.714 |tts|=0.045,QUALITY_GATE_SKIP,0.1294
06/27/2023,0.66849,0.006801428571428562,SKIP,BEARISH,,0.0,,,,3.0,NEUTRAL,-0.0236,0.12,skipped,-0.045,HOLD,TRENDING,skipped,NONE,0.0,,,COHERENT,1.0,skipped,SKIP: weak signals — articles=3 |ce|=0.024 |tts|=0.045,QUALITY_GATE_SKIP,0.142
06/28/2023,0.66009,0.006995714285714287,SKIP,BULLISH,,0.0,,,,10.0,NEUTRAL,-0.035,0.4,skipped,-0.0378,HOLD,TRENDING,skipped,NONE,0.0,,,COHERENT,1.0,skipped,SKIP: weak signals — articles=10 |ce|=0.035 |tts|=0.038,QUALITY_GATE_SKIP,0.2705
06/29/2023,0.66136,0.006894285714285718,SKIP,BULLISH,,0.0,,,,4.0,BULLISH,0.3064,0.16,skipped,-0.045,HOLD,TRENDING,skipped,NONE,0.0,,,PARTIAL,0.95,skipped,SKIP: weak signals — articles=4 |ce|=0.306 |tts|=0.045,QUALITY_GATE_SKIP,0.1331
06/30/2023,0.666,0.007080714285714281,SKIP,BULLISH,,0.0,,,,5.0,BULLISH,0.5771,0.2,skipped,-0.045,HOLD,TRENDING,skipped,NONE,0.0,,,PARTIAL,0.95,skipped,SKIP: weak signals — articles=5 |ce|=0.577 |tts|=0.045,QUALITY_GATE_SKIP,0.2054
07/03/2023,0.667,0.0069785714285714295,SKIP,BEARISH,,0.0,,,,8.0,BULLISH,0.2339,0.32,skipped,-0.045,HOLD,TRENDING,skipped,NONE,0.0,,,PARTIAL,0.95,skipped,SKIP: weak signals — articles=8 |ce|=0.234 |tts|=0.045,QUALITY_GATE_SKIP,0.2409
07/04/2023,0.669,0.006865000000000002,SKIP,BEARISH,,0.0,,,,15.0,NEUTRAL,-0.0406,0.6,skipped,-0.045,HOLD,TRENDING,skipped,NONE,0.0,,,COHERENT,1.0,skipped,SKIP: weak signals — articles=15 |ce|=0.041 |tts|=0.045,QUALITY_GATE_SKIP,0.4143
07/05/2023,0.6655,0.006294285714285712,BUY,BEARISH,False,0.2615612199999999,True,True,0.2770999817447703,19.0,BULLISH,0.5092,0.76,skipped,-0.045,HOLD,TRENDING,skipped,NONE,0.0,0.68798,0.66009,PARTIAL,0.95,skipped,"[deterministic] weighted_score=0.2616 → BUY (thresholds: >=0.1 BUY, <=-0.1 SELL)",TIME,0.5204
07/06/2023,0.66239,0.006609999999999997,BUY,BULLISH,True,0.35133089999999995,True,True,0.4412999830256245,10.0,BULLISH,0.8376,0.4,skipped,-0.045,HOLD,TRENDING,skipped,NONE,0.0,0.68798,0.66009,PARTIAL,0.95,skipped,"[deterministic] weighted_score=0.3513 → BUY (thresholds: >=0.1 BUY, <=-0.1 SELL)",TIME,0.5224
07/07/2023,0.6688,0.006840714285714279,HOLD,BULLISH,False,0.06475674999999999,True,False,0.08704997521383977,31.0,BULLISH,0.1291,1.0,skipped,-0.045,HOLD,TRENDING,skipped,NONE,0.0,0.68798,0.66009,PARTIAL,0.95,skipped,"[deterministic] weighted_score=0.0648 → HOLD (thresholds: >=0.1 BUY, <=-0.1 SELL)",HOLD_SKIP,1.208
07/10/2023,0.66741,0.006628571428571428,BUY,BULLISH,True,0.11137572000000001,True,True,0.15659996727138736,14.0,BULLISH,0.2682,0.56,skipped,-0.045,HOLD,TRENDING,skipped,NONE,0.0,0.68798,0.66009,PARTIAL,0.95,skipped,"[deterministic] weighted_score=0.1114 → BUY (thresholds: >=0.1 BUY, <=-0.1 SELL)",TP,0.3416
07/11/2023,0.66851,0.0064885714285714225,SKIP,BULLISH,,0.0,,,,5.0,BULLISH,0.2292,0.2,skipped,-0.045,HOLD,TRENDING,skipped,NONE,0.0,,,PARTIAL,0.95,skipped,SKIP: weak signals — articles=5 |ce|=0.229 |tts|=0.045,QUALITY_GATE_SKIP,0.1325
07/12/2023,0.67859,0.006860714285714283,BUY,BULLISH,True,0.173624,True,True,0.173,12.0,BULLISH,0.121,0.48,skipped,0.225,BUY,TRENDING,skipped,NONE,0.0,0.68798,0.66009,COHERENT,1.0,skipped,"[deterministic] weighted_score=0.1736 → BUY (thresholds: >=0.1 BUY, <=-0.1 SELL)",TIME,0.5084
07/13/2023,0.68863,0.006893571428571428,SKIP,BEARISH,,0.0,,,,6.0,BULLISH,0.4595,0.24,skipped,-0.0122,HOLD,TRANSITIONAL,skipped,NONE,0.0,,,PARTIAL,0.95,skipped,SKIP: weak signals — articles=6 |ce|=0.460 |tts|=0.012,QUALITY_GATE_SKIP,0.2064
07/14/2023,0.68371,0.007167857142857138,SKIP,BEARISH,,0.0,,,,14.0,NEUTRAL,-0.0313,0.56,skipped,0.0387,HOLD,TRANSITIONAL,skipped,NONE,0.0,,,COHERENT,1.0,skipped,SKIP: weak signals — articles=14 |ce|=0.031 |tts|=0.039,QUALITY_GATE_SKIP,0.4537
07/17/2023,0.68134,0.0071814285714285764,SKIP,BEARISH,,0.0,,,,8.0,BEARISH,-0.1994,0.32,skipped,0.051,HOLD,TRANSITIONAL,skipped,NONE,0.0,,,PARTIAL,0.95,skipped,SKIP: weak signals — articles=8 |ce|=0.199 |tts|=0.051,QUALITY_GATE_SKIP,0.2451
07/18/2023,0.68103,0.0068557142857142905,SKIP,BEARISH,,0.0,,,,14.0,NEUTRAL,-0.0115,0.56,skipped,0.051,HOLD,TRANSITIONAL,skipped,NONE,0.0,,,COHERENT,1.0,skipped,SKIP: weak signals — articles=14 |ce|=0.011 |tts|=0.051,QUALITY_GATE_SKIP,0.4579
07/19/2023,0.67714,0.007030714285714295,SKIP,BULLISH,,0.0,,,,9.0,BULLISH,0.3525,0.36,skipped,0.051,HOLD,TRANSITIONAL,skipped,NONE,0.0,,,PARTIAL,0.95,skipped,SKIP: weak signals — articles=9 |ce|=0.352 |tts|=0.051,QUALITY_GATE_SKIP,0.2795
07/20/2023,0.67795,0.007126428571428589,BUY,BEARISH,False,0.1384758,True,True,0.1403999706642471,15.0,BULLISH,0.2298,0.6,skipped,0.051,HOLD,TRANSITIONAL,skipped,NONE,0.0,0.68863,0.66009,PARTIAL,0.95,skipped,"[deterministic] weighted_score=0.1385 → BUY (thresholds: >=0.1 BUY, <=-0.1 SELL)",TIME,0.445
07/21/2023,0.67283,0.007200000000000016,SKIP,BULLISH,,0.0,,,,4.0,BULLISH,0.187,0.16,skipped,0.051,HOLD,TRANSITIONAL,skipped,NONE,0.0,,,PARTIAL,0.95,skipped,SKIP: weak signals — articles=4 |ce|=0.187 |tts|=0.051,QUALITY_GATE_SKIP,0.1493
07/24/2023,0.6739,0.007035714285714304,HOLD,BULLISH,False,0.004720900000000003,False,False,0.2515,14.0,BULLISH,0.248,0.56,skipped,-0.255,SELL,TRANSITIONAL,skipped,NONE,0.0,0.68863,0.66009,PARTIAL,0.85,skipped,"[deterministic] weighted_score=0.0047 → HOLD (thresholds: >=0.1 BUY, <=-0.1 SELL)",HOLD_SKIP,0.4346
07/25/2023,0.679,0.00719357142857145,SKIP,BEARISH,,0.0,,,,3.0,BEARISH,-0.5124,0.12,skipped,0.255,BUY,TRANSITIONAL,skipped,NONE,0.0,,,PARTIAL,0.85,skipped,SKIP: signal_mismatch — need CE strong (TTS unreliable),QUALITY_GATE_SKIP,0.1901
07/26/2023,0.67594,0.007011428571428597,SELL,BEARISH,True,-0.10615300000000001,True,True,0.1448,28.0,NEUTRAL,-0.0346,1.0,skipped,-0.255,SELL,TRANSITIONAL,skipped,NONE,0.0,0.68863,0.66009,PARTIAL,0.95,skipped,"[deterministic] weighted_score=-0.1062 → SELL (thresholds: >=0.1 BUY, <=-0.1 SELL)",TIME,1.2565
07/27/2023,0.67074,0.007308571428571458,HOLD,BEARISH,False,0.08846209999999999,True,False,0.14949995298385466,11.0,BULLISH,0.248,0.44,skipped,-0.051,HOLD,TRANSITIONAL,skipped,NONE,0.0,0.68863,0.66136,PARTIAL,0.95,skipped,"[deterministic] weighted_score=0.0885 → HOLD (thresholds: >=0.1 BUY, <=-0.1 SELL)",HOLD_SKIP,0.2975
07/28/2023,0.66466,0.007439285714285744,SKIP,BEARISH,,0.0,,,,6.0,BULLISH,0.651,0.24,skipped,-0.051,HOLD,TRANSITIONAL,skipped,NONE,0.0,,,PARTIAL,0.95,skipped,SKIP: weak signals — articles=6 |ce|=0.651 |tts|=0.051,QUALITY_GATE_SKIP,0.1823
07/31/2023,0.67169,0.007787142857142889,SKIP,BEARISH,,0.0,,,,12.0,NEUTRAL,-0.0396,0.48,skipped,-0.051,HOLD,TRANSITIONAL,skipped,NONE,0.0,,,COHERENT,1.0,skipped,SKIP: weak signals — articles=12 |ce|=0.040 |tts|=0.051,QUALITY_GATE_SKIP,0.3575
08/01/2023,0.66215,0.007843571428571458,SELL,BEARISH,True,-0.31962749999999995,True,True,0.2708859598574852,61.0,BEARISH,-0.4894,1.0,skipped,-0.0524,HOLD,TRANSITIONAL,skipped,BREAKOUT_DOWN,0.0091,0.68863,0.66239,PARTIAL,0.95,skipped,"[deterministic] weighted_score=-0.3196 → SELL (thresholds: >=0.1 BUY, <=-0.1 SELL)",TIME,1.5285
08/02/2023,0.65357,0.007800714285714312,SELL,BULLISH,False,-0.43810294999999994,True,True,0.4127597213701086,18.0,BEARISH,-0.7795,0.72,skipped,-0.046,HOLD,TRANSITIONAL,skipped,BREAKOUT_DOWN,0.324,0.68863,0.66215,PARTIAL,0.95,skipped,"[deterministic] weighted_score=-0.4381 → SELL (thresholds: >=0.1 BUY, <=-0.1 SELL)",TIME,0.572
08/03/2023,0.65486,0.007727857142857175,HOLD,BULLISH,False,-0.07454479,True,False,0.08046467305247097,11.0,BEARISH,-0.1355,0.44,skipped,-0.0254,HOLD,TRANSITIONAL,skipped,NONE,0.0,0.68863,0.65357,PARTIAL,0.95,skipped,"[deterministic] weighted_score=-0.0745 → HOLD (thresholds: >=0.1 BUY, <=-0.1 SELL)",HOLD_SKIP,0.3596
08/04/2023,0.65663,0.007809285714285741,BUY,BEARISH,False,0.19454099999999996,True,True,0.19057731150568905,30.0,BULLISH,0.3382,1.0,skipped,-0.043,HOLD,TRANSITIONAL,skipped,NONE,0.0,0.68863,0.65357,PARTIAL,0.95,skipped,"[deterministic] weighted_score=0.1945 → BUY (thresholds: >=0.1 BUY, <=-0.1 SELL)",TIME,0.854
08/07/2023,0.6572,0.007735000000000024,SKIP,BEARISH,,0.0,,,,8.0,BEARISH,-0.1052,0.32,skipped,-0.0488,HOLD,TRANSITIONAL,skipped,NONE,0.0,,,PARTIAL,0.95,skipped,SKIP: weak signals — articles=8 |ce|=0.105 |tts|=0.049,QUALITY_GATE_SKIP,0.274
08/08/2023,0.65404,0.007805000000000014,SKIP,BULLISH,,0.0,,,,8.0,BULLISH,0.2648,0.32,skipped,-0.0273,HOLD,TRANSITIONAL,skipped,NONE,0.0,,,PARTIAL,0.95,skipped,SKIP: weak signals — articles=8 |ce|=0.265 |tts|=0.027,QUALITY_GATE_SKIP,0.2494
08/09/2023,0.65297,0.007587857142857154,SKIP,BULLISH,,0.0,,,,3.0,BULLISH,0.0594,0.12,skipped,-0.022,HOLD,TRENDING,skipped,NONE,0.0,,,PARTIAL,0.95,skipped,SKIP: weak signals — articles=3 |ce|=0.059 |tts|=0.022,QUALITY_GATE_SKIP,0.1243
08/10/2023,0.65156,0.00787357142857144,SKIP,BEARISH,,0.0,,,,6.0,BULLISH,0.1321,0.24,skipped,-0.0189,HOLD,TRENDING,skipped,NONE,0.0,,,PARTIAL,0.95,skipped,SKIP: weak signals — articles=6 |ce|=0.132 |tts|=0.019,QUALITY_GATE_SKIP,0.2056
08/11/2023,0.6498,0.007920000000000014,SELL,BEARISH,True,-0.24987754999999995,True,True,0.2600666155981604,13.0,BEARISH,-0.5083,0.52,skipped,-0.0118,HOLD,TRENDING,skipped,BREAKOUT_DOWN,0.0547,0.68371,0.65156,PARTIAL,0.95,skipped,"[deterministic] weighted_score=-0.2499 → SELL (thresholds: >=0.1 BUY, <=-0.1 SELL)",TIME,0.343
08/14/2023,0.64854,0.007774285714285726,SKIP,BEARISH,,0.0,,,,5.0,BULLISH,0.0781,0.2,skipped,-0.0003,HOLD,TRENDING,skipped,NONE,0.0,,,PARTIAL,0.95,skipped,SKIP: weak signals — articles=5 |ce|=0.078 |tts|=0.000,QUALITY_GATE_SKIP,0.1812
08/15/2023,0.64549,0.007842142857142862,SKIP,BEARISH,,0.0,,,,6.0,BULLISH,0.2232,0.24,skipped,0.0049,HOLD,TRENDING,skipped,NONE,0.0,,,PARTIAL,0.95,skipped,SKIP: weak signals — articles=6 |ce|=0.223 |tts|=0.005,QUALITY_GATE_SKIP,0.1852
08/16/2023,0.64217,0.007427142857142854,SKIP,BEARISH,,0.0,,,,7.0,BULLISH,0.5185,0.28,skipped,0.0226,HOLD,TRENDING,skipped,NONE,0.0,,,PARTIAL,0.95,skipped,SKIP: weak signals — articles=7 |ce|=0.518 |tts|=0.023,QUALITY_GATE_SKIP,0.2288
08/17/2023,0.64008,0.007392857142857138,SELL,BULLISH,False,-0.20909918000000002,True,True,0.24411191914471586,16.0,BEARISH,-0.4437,0.64,skipped,0.0445,HOLD,TRENDING,skipped,BREAKOUT_DOWN,0.0567,0.679,0.64217,PARTIAL,0.95,skipped,"[deterministic] weighted_score=-0.2091 → SELL (thresholds: >=0.1 BUY, <=-0.1 SELL)",TIME,0.4104
08/18/2023,0.64026,0.007085,SKIP,BULLISH,,0.0,,,,8.0,BEARISH,-0.4383,0.32,skipped,0.0561,HOLD,TRENDING,skipped,NONE,0.0,,,PARTIAL,0.95,skipped,SKIP: weak signals — articles=8 |ce|=0.438 |tts|=0.056,QUALITY_GATE_SKIP,0.2331
08/21/2023,0.64133,0.006461428571428578,SKIP,BULLISH,,0.0,,,,4.0,BEARISH,-0.1447,0.16,skipped,0.0399,HOLD,TRENDING,skipped,NONE,0.0,,,PARTIAL,0.95,skipped,SKIP: weak signals — articles=4 |ce|=0.145 |tts|=0.040,QUALITY_GATE_SKIP,0.1239
08/22/2023,0.64218,0.006114285714285723,SKIP,BULLISH,,0.0,,,,7.0,NEUTRAL,-0.0146,0.28,skipped,0.0267,HOLD,TRENDING,skipped,NONE,0.0,,,COHERENT,1.0,skipped,SKIP: weak signals — articles=7 |ce|=0.015 |tts|=0.027,QUALITY_GATE_SKIP,0.167
08/23/2023,0.64776,0.0062407142857142895,SKIP,BEARISH,,0.0,,,,10.0,NEUTRAL,0.0187,0.4,skipped,-0.045,HOLD,TRENDING,skipped,NONE,0.0,,,COHERENT,1.0,skipped,SKIP: weak signals — articles=10 |ce|=0.019 |tts|=0.045,QUALITY_GATE_SKIP,0.2141
08/24/2023,0.64171,0.006326428571428582,SKIP,BULLISH,,0.0,,,,7.0,BULLISH,0.1807,0.28,skipped,-0.0048,HOLD,TRENDING,skipped,NONE,0.0,,,PARTIAL,0.95,skipped,SKIP: weak signals — articles=7 |ce|=0.181 |tts|=0.005,QUALITY_GATE_SKIP,0.2241
08/25/2023,0.64014,0.006493571428571432,HOLD,BULLISH,False,0.06665864999999999,True,False,0.07424938750969434,10.0,BULLISH,0.1423,0.4,skipped,0.0062,HOLD,TRENDING,skipped,NONE,0.0,0.67169,0.64008,PARTIAL,0.95,skipped,"[deterministic] weighted_score=0.0667 → HOLD (thresholds: >=0.1 BUY, <=-0.1 SELL)",HOLD_SKIP,0.2847
08/28/2023,0.6428,0.006197857142857152,BUY,BULLISH,True,0.12224695000000001,True,True,0.12182587597398542,10.0,NEUTRAL,0.008,0.4,skipped,0.2357,BUY,TRENDING,skipped,NONE,0.0,0.67169,0.64008,PARTIAL,0.95,skipped,"[deterministic] weighted_score=0.1222 → BUY (thresholds: >=0.1 BUY, <=-0.1 SELL)",TIME,0.2532
08/29/2023,0.64781,0.006442857142857155,SKIP,BULLISH,,0.0,,,,16.0,NEUTRAL,0.0466,0.64,skipped,0.045,HOLD,TRENDING,skipped,NONE,0.0,,,COHERENT,1.0,skipped,SKIP: weak signals — articles=16 |ce|=0.047 |tts|=0.045,QUALITY_GATE_SKIP,0.5244
08/30/2023,0.64706,0.006213571428571445,SKIP,BULLISH,,0.0,,,,17.0,NEUTRAL,0.0412,0.68,skipped,0.045,HOLD,TRENDING,skipped,NONE,0.0,,,COHERENT,1.0,skipped,SKIP: weak signals — articles=17 |ce|=0.041 |tts|=0.045,QUALITY_GATE_SKIP,0.5608
08/31/2023,0.64836,0.006207142857142871,SKIP,BEARISH,,0.0,,,,14.0,NEUTRAL,-0.0304,0.56,skipped,0.045,HOLD,TRENDING,skipped,NONE,0.0,,,COHERENT,1.0,skipped,SKIP: weak signals — articles=14 |ce|=0.030 |tts|=0.045,QUALITY_GATE_SKIP,0.327
09/01/2023,0.64496,0.0064514285714285845,BUY,BEARISH,False,0.14581075000000002,True,True,0.12844998172874897,41.0,BULLISH,0.2119,1.0,skipped,0.045,HOLD,TRENDING,skipped,NONE,0.0,0.6572,0.64008,PARTIAL,0.95,skipped,"[deterministic] weighted_score=0.1458 → BUY (thresholds: >=0.1 BUY, <=-0.1 SELL)",SL,2.1014
09/04/2023,0.64605,0.0061678571428571615,HOLD,BEARISH,False,-0.020037590000000004,False,False,0.059649982147651784,17.0,BEARISH,-0.0743,0.68,skipped,0.045,HOLD,TRENDING,skipped,NONE,0.0,0.6572,0.64008,PARTIAL,0.95,skipped,"[deterministic] weighted_score=-0.02 → HOLD (thresholds: >=0.1 BUY, <=-0.1 SELL)",HOLD_SKIP,0.6817
09/05/2023,0.6376,0.006471428571428588,SELL,BULLISH,False,-0.22830874999999995,True,True,0.21423782870495722,63.0,BEARISH,-0.3903,1.0,skipped,0.0382,HOLD,TRENDING,skipped,BREAKOUT_DOWN,0.1777,0.65404,0.64008,PARTIAL,0.95,skipped,"[deterministic] weighted_score=-0.2283 → SELL (thresholds: >=0.1 BUY, <=-0.1 SELL)",TIME,1.502
09/06/2023,0.63811,0.0061978571428571595,HOLD,BULLISH,False,0.0772673,True,False,0.08142446595707724,12.0,BULLISH,0.0869,0.48,skipped,0.0759,HOLD,TRENDING,skipped,NONE,0.0,0.65297,0.6376,PARTIAL,0.95,skipped,"[deterministic] weighted_score=0.0773 → HOLD (thresholds: >=0.1 BUY, <=-0.1 SELL)",HOLD_SKIP,0.5955
09/07/2023,0.63769,0.006076428571428586,SKIP,BULLISH,,0.0,,,,31.0,NEUTRAL,0.0137,1.0,skipped,0.0792,HOLD,TRENDING,skipped,NONE,0.0,,,COHERENT,1.0,skipped,SKIP: weak signals — articles=31 |ce|=0.014 |tts|=0.079,QUALITY_GATE_SKIP,0.8269
09/08/2023,0.6376,0.006172142857142864,BUY,BULLISH,True,0.16720474999999999,True,True,0.1937400334513335,6.0,BULLISH,0.3075,0.24,skipped,0.08,HOLD,TRENDING,skipped,NONE,0.0,0.6498,0.6376,PARTIAL,0.95,skipped,"[deterministic] weighted_score=0.1672 → BUY (thresholds: >=0.1 BUY, <=-0.1 SELL)",TIME,0.1726
09/11/2023,0.64306,0.006302142857142867,HOLD,BEARISH,False,0.07971582999999999,True,False,0.08344995341543501,13.0,BULLISH,0.1219,0.52,skipped,0.045,HOLD,TRENDING,skipped,NONE,0.0,0.64854,0.6376,PARTIAL,0.95,skipped,"[deterministic] weighted_score=0.0797 → HOLD (thresholds: >=0.1 BUY, <=-0.1 SELL)",HOLD_SKIP,0.3308
09/12/2023,0.6424,0.006010714285714298,BUY,BULLISH,True,0.26271832000000006,True,True,0.27379996630464304,13.0,BULLISH,0.5026,0.52,skipped,0.045,HOLD,TRENDING,skipped,NONE,0.0,0.64836,0.6376,PARTIAL,0.95,skipped,"[deterministic] weighted_score=0.2627 → BUY (thresholds: >=0.1 BUY, <=-0.1 SELL)",TIME,0.3202
09/13/2023,0.64191,0.005852857142857144,SKIP,BULLISH,,0.0,,,,2.0,BULLISH,0.0649,0.08,skipped,0.045,HOLD,TRENDING,skipped,NONE,0.0,,,PARTIAL,0.95,skipped,SKIP: weak signals — articles=2 |ce|=0.065 |tts|=0.045,QUALITY_GATE_SKIP,0.1013
09/14/2023,0.6439,0.00570642857142858,SKIP,BULLISH,,0.0,,,,3.0,BEARISH,-0.2342,0.12,skipped,0.045,HOLD,TRENDING,skipped,NONE,0.0,,,PARTIAL,0.95,skipped,SKIP: weak signals — articles=3 |ce|=0.234 |tts|=0.045,QUALITY_GATE_SKIP,0.1134
09/15/2023,0.6428,0.005785000000000008,SKIP,BULLISH,,0.0,,,,4.0,BEARISH,-0.6082,0.16,skipped,0.045,HOLD,TRENDING,skipped,NONE,0.0,,,PARTIAL,0.95,skipped,SKIP: weak signals — articles=4 |ce|=0.608 |tts|=0.045,QUALITY_GATE_SKIP,0.1278
09/18/2023,0.64363,0.005405000000000009,SKIP,BULLISH,,0.0,,,,8.0,BULLISH,0.2206,0.32,skipped,0.045,HOLD,TRENDING,skipped,NONE,0.0,,,PARTIAL,0.95,skipped,SKIP: weak signals — articles=8 |ce|=0.221 |tts|=0.045,QUALITY_GATE_SKIP,0.2698
09/19/2023,0.64542,0.005210714285714291,HOLD,BEARISH,False,0.06612646,True,False,0.06769998092298704,16.0,BULLISH,0.0904,0.64,skipped,0.045,HOLD,TRENDING,skipped,NONE,0.0,0.64836,0.6376,PARTIAL,0.95,skipped,"[deterministic] weighted_score=0.0661 → HOLD (thresholds: >=0.1 BUY, <=-0.1 SELL)",HOLD_SKIP,0.4906
09/20/2023,0.64465,0.005389285714285715,SELL,BEARISH,True,-0.12570399999999995,True,True,0.13639998099716644,34.0,BEARISH,-0.2278,1.0,skipped,0.045,HOLD,TRENDING,skipped,NONE,0.0,0.64836,0.6376,PARTIAL,0.95,skipped,"[deterministic] weighted_score=-0.1257 → SELL (thresholds: >=0.1 BUY, <=-0.1 SELL)",TIME,0.7156
09/21/2023,0.64141,0.005270714285714287,BUY,BULLISH,True,0.16871828999999997,True,True,0.18254997625571465,11.0,BULLISH,0.3201,0.44,skipped,0.045,HOLD,TRENDING,skipped,NONE,0.0,0.64836,0.6376,PARTIAL,0.95,skipped,"[deterministic] weighted_score=0.1687 → BUY (thresholds: >=0.1 BUY, <=-0.1 SELL)",TIME,0.2739
09/22/2023,0.64376,0.0054714285714285715,SKIP,BEARISH,,0.0,,,,2.0,BULLISH,0.3861,0.08,skipped,0.045,HOLD,TRENDING,skipped,NONE,0.0,,,PARTIAL,0.95,skipped,SKIP: weak signals — articles=2 |ce|=0.386 |tts|=0.045,QUALITY_GATE_SKIP,0.0707
09/25/2023,0.64223,0.005010000000000007,SKIP,BEARISH,,0.0,,,,9.0,BEARISH,-0.099,0.36,skipped,0.045,HOLD,TRENDING,skipped,NONE,0.0,,,PARTIAL,0.95,skipped,SKIP: weak signals — articles=9 |ce|=0.099 |tts|=0.045,QUALITY_GATE_SKIP,0.2311
09/26/2023,0.63961,0.004977857142857145,BUY,BULLISH,True,0.18687051000000002,True,True,0.1849499570550232,16.0,BULLISH,0.3249,0.64,skipped,0.045,HOLD,TRENDING,skipped,NONE,0.0,0.64836,0.6376,PARTIAL,0.95,skipped,"[deterministic] weighted_score=0.1869 → BUY (thresholds: >=0.1 BUY, <=-0.1 SELL)",SL,0.4948
09/27/2023,0.63511,0.0052985714285714225,HOLD,BULLISH,False,0.05711494999999999,False,False,0.06053898202582571,12.0,BULLISH,0.0963,0.48,skipped,0.0248,HOLD,TRENDING,skipped,BREAKOUT_DOWN,0.2314,0.64836,0.6376,PARTIAL,0.95,skipped,"[deterministic] weighted_score=0.0571 → HOLD (thresholds: >=0.1 BUY, <=-0.1 SELL)",HOLD_SKIP,0.3211
09/28/2023,0.64263,0.005584285714285708,BUY,BEARISH,False,0.22639545,True,True,0.25064991740764053,10.0,BULLISH,0.4563,0.4,skipped,0.045,HOLD,TRENDING,skipped,NONE,0.0,0.64836,0.63511,PARTIAL,0.95,skipped,"[deterministic] weighted_score=0.2264 → BUY (thresholds: >=0.1 BUY, <=-0.1 SELL)",SL,0.2615
09/29/2023,0.6434,0.005634285714285703,SKIP,BEARISH,,0.0,,,,9.0,NEUTRAL,-0.0245,0.36,skipped,0.045,HOLD,TRENDING,skipped,NONE,0.0,,,COHERENT,1.0,skipped,SKIP: weak signals — articles=9 |ce|=0.025 |tts|=0.045,QUALITY_GATE_SKIP,0.2971
10/02/2023,0.63633,0.006019285714285704,SELL,BEARISH,True,-0.21303180000000002,True,True,0.24299981701736972,17.0,BEARISH,-0.441,0.68,skipped,0.045,HOLD,TRENDING,skipped,NONE,0.0,0.64605,0.63511,PARTIAL,0.95,skipped,"[deterministic] weighted_score=-0.213 → SELL (thresholds: >=0.1 BUY, <=-0.1 SELL)",TIME,0.5281
10/03/2023,0.63019,0.006216428571428567,SELL,BULLISH,False,-0.266534,True,True,0.2699233902218843,20.0,BEARISH,-0.2512,0.8,skipped,-0.2886,SELL,TRENDING,skipped,BREAKOUT_DOWN,0.4772,0.64542,0.63511,COHERENT,1.0,skipped,"[deterministic] weighted_score=-0.2665 → SELL (thresholds: >=0.1 BUY, <=-0.1 SELL)",SL,0.5083
10/04/2023,0.6322,0.006325714285714276,SKIP,BULLISH,,0.0,,,,12.0,NEUTRAL,-0.0323,0.48,skipped,-0.0296,HOLD,TRENDING,skipped,NONE,0.0,,,COHERENT,1.0,skipped,SKIP: weak signals — articles=12 |ce|=0.032 |tts|=0.030,QUALITY_GATE_SKIP,0.311
10/05/2023,0.63681,0.006375714285714278,SKIP,BULLISH,,0.0,,,,7.0,BULLISH,0.3907,0.28,skipped,-0.045,HOLD,TRENDING,skipped,NONE,0.0,,,PARTIAL,0.95,skipped,SKIP: weak signals — articles=7 |ce|=0.391 |tts|=0.045,QUALITY_GATE_SKIP,0.1975
10/06/2023,0.63819,0.006770714285714273,SKIP,BULLISH,,0.0,,,,18.0,NEUTRAL,0.023,0.72,skipped,-0.045,HOLD,TRENDING,skipped,NONE,0.0,,,COHERENT,1.0,skipped,SKIP: weak signals — articles=18 |ce|=0.023 |tts|=0.045,QUALITY_GATE_SKIP,0.5537
10/09/2023,0.6408,0.006961428571428563,BUY,BEARISH,False,0.28419760000000005,True,True,0.2932,7.0,BULLISH,0.3614,0.28,skipped,0.225,BUY,TRENDING,skipped,NONE,0.0,0.64542,0.63019,COHERENT,1.0,skipped,"[deterministic] weighted_score=0.2842 → BUY (thresholds: >=0.1 BUY, <=-0.1 SELL)",SL,0.2094
10/10/2023,0.64276,0.006754285714285705,SKIP,BEARISH,,0.0,,,,7.0,BULLISH,0.2668,0.28,skipped,0.045,HOLD,TRENDING,skipped,NONE,0.0,,,PARTIAL,0.95,skipped,SKIP: weak signals — articles=7 |ce|=0.267 |tts|=0.045,QUALITY_GATE_SKIP,0.1946
10/11/2023,0.64135,0.0066849999999999965,SELL,BEARISH,True,-0.24145712999999996,True,True,0.2389499688786782,23.0,BEARISH,-0.4329,0.92,skipped,0.045,HOLD,TRENDING,skipped,NONE,0.0,0.64542,0.63019,PARTIAL,0.95,skipped,"[deterministic] weighted_score=-0.2415 → SELL (thresholds: >=0.1 BUY, <=-0.1 SELL)",TIME,0.6253
10/12/2023,0.63149,0.007130714285714284,SKIP,BULLISH,,0.0,,,,4.0,BULLISH,0.5996,0.16,skipped,0.0482,HOLD,TRENDING,skipped,NONE,0.0,,,PARTIAL,0.95,skipped,SKIP: weak signals — articles=4 |ce|=0.600 |tts|=0.048,QUALITY_GATE_SKIP,0.1463
10/13/2023,0.62947,0.007168571428571429,SELL,BULLISH,False,-0.4945744000000001,True,True,0.5355883570817911,7.0,BEARISH,-0.8464,0.28,skipped,-0.2248,SELL,TRENDING,skipped,BREAKOUT_DOWN,0.0473,0.64542,0.63019,COHERENT,1.0,skipped,"[deterministic] weighted_score=-0.4946 → SELL (thresholds: >=0.1 BUY, <=-0.1 SELL)",SL,0.1898
10/16/2023,0.63378,0.007217142857142859,SKIP,BULLISH,,0.0,,,,8.0,BEARISH,-0.1573,0.32,skipped,-0.045,HOLD,TRENDING,skipped,NONE,0.0,,,PARTIAL,0.95,skipped,SKIP: weak signals — articles=8 |ce|=0.157 |tts|=0.045,QUALITY_GATE_SKIP,0.2315
10/17/2023,0.63657,0.006987142857142866,BUY,BEARISH,False,0.10693199999999997,True,True,0.12119965720232548,74.0,BULLISH,0.1974,1.0,skipped,-0.045,HOLD,TRENDING,skipped,NONE,0.0,0.64542,0.62947,PARTIAL,0.95,skipped,"[deterministic] weighted_score=0.1069 → BUY (thresholds: >=0.1 BUY, <=-0.1 SELL)",SL,1.4697
10/18/2023,0.63349,0.0068278571428571555,HOLD,BEARISH,False,0.010280900000000004,False,False,0.056499764022327474,12.0,BULLISH,0.068,0.48,skipped,-0.045,HOLD,TRENDING,skipped,NONE,0.0,0.64465,0.62947,PARTIAL,0.95,skipped,"[deterministic] weighted_score=0.0103 → HOLD (thresholds: >=0.1 BUY, <=-0.1 SELL)",HOLD_SKIP,0.3584
10/19/2023,0.6326,0.0066907142857142955,SKIP,BULLISH,,0.0,,,,26.0,NEUTRAL,0.0225,1.0,skipped,-0.045,HOLD,TRENDING,skipped,NONE,0.0,,,COHERENT,1.0,skipped,SKIP: weak signals — articles=26 |ce|=0.022 |tts|=0.045,QUALITY_GATE_SKIP,0.7788
10/20/2023,0.63096,0.006308571428571441,SKIP,BULLISH,,0.0,,,,3.0,BULLISH,0.9366,0.12,skipped,-0.045,HOLD,TRENDING,skipped,NONE,0.0,,,PARTIAL,0.95,skipped,SKIP: weak signals — articles=3 |ce|=0.937 |tts|=0.045,QUALITY_GATE_SKIP,0.0959
10/23/2023,0.63365,0.006156428571428586,HOLD,BEARISH,False,0.05180369,False,False,0.09834979061106863,13.0,BULLISH,0.1517,0.52,skipped,-0.045,HOLD,TRENDING,skipped,NONE,0.0,0.6434,0.62947,PARTIAL,0.95,skipped,"[deterministic] weighted_score=0.0518 → HOLD (thresholds: >=0.1 BUY, <=-0.1 SELL)",HOLD_SKIP,0.2564
10/24/2023,0.63561,0.006086428571428588,BUY,BEARISH,False,0.17182800000000004,True,True,0.16199999999999998,6.0,BULLISH,0.099,0.24,skipped,0.225,BUY,TRENDING,skipped,NONE,0.0,0.6434,0.62947,COHERENT,1.0,skipped,"[deterministic] weighted_score=0.1718 → BUY (thresholds: >=0.1 BUY, <=-0.1 SELL)",SL,0.1742
10/25/2023,0.63074,0.0063585714285714435,SELL,BULLISH,False,-0.151627,True,True,0.16524999999999998,22.0,BEARISH,-0.1055,0.88,skipped,-0.225,SELL,TRENDING,skipped,NONE,0.0,0.6434,0.62947,COHERENT,1.0,skipped,"[deterministic] weighted_score=-0.1516 → SELL (thresholds: >=0.1 BUY, <=-0.1 SELL)",SL,0.7028
10/26/2023,0.63207,0.006164285714285733,BUY,BULLISH,True,0.1679794,True,True,0.16585,11.0,BULLISH,0.1067,0.44,skipped,0.225,BUY,TRENDING,skipped,NONE,0.0,0.6434,0.62947,COHERENT,1.0,skipped,"[deterministic] weighted_score=0.168 → BUY (thresholds: >=0.1 BUY, <=-0.1 SELL)",TIME,0.3667
10/27/2023,0.63312,0.005980714285714299,SKIP,BULLISH,,0.0,,,,8.0,BULLISH,0.2336,0.32,skipped,0.045,HOLD,TRENDING,skipped,NONE,0.0,,,PARTIAL,0.95,skipped,SKIP: weak signals — articles=8 |ce|=0.234 |tts|=0.045,QUALITY_GATE_SKIP,0.2276
10/30/2023,0.63693,0.00604714285714287,BUY,BULLISH,True,0.10319926,True,True,0.10369994818300547,16.0,BULLISH,0.1624,0.64,skipped,0.045,HOLD,TRENDING,skipped,NONE,0.0,0.64276,0.62947,PARTIAL,0.95,skipped,"[deterministic] weighted_score=0.1032 → BUY (thresholds: >=0.1 BUY, <=-0.1 SELL)",TIME,0.4634
10/31/2023,0.63365,0.0060650000000000105,SKIP,BULLISH,,0.0,,,,8.0,BULLISH,0.5382,0.32,skipped,0.045,HOLD,TRENDING,skipped,NONE,0.0,,,PARTIAL,0.95,skipped,SKIP: weak signals — articles=8 |ce|=0.538 |tts|=0.045,QUALITY_GATE_SKIP,0.2057
11/01/2023,0.63984,0.005764285714285722,HOLD,BULLISH,False,0.07817511999999999,True,False,0.07939997236816715,16.0,BULLISH,0.1138,0.64,skipped,0.045,HOLD,TRENDING,skipped,NONE,0.0,0.64276,0.62947,PARTIAL,0.95,skipped,"[deterministic] weighted_score=0.0782 → HOLD (thresholds: >=0.1 BUY, <=-0.1 SELL)",HOLD_SKIP,0.3081
11/02/2023,0.6435,0.005840000000000004,SELL,BULLISH,False,-0.11447689999999999,True,True,0.16551010211133574,16.0,BEARISH,-0.2721,0.64,skipped,0.0589,HOLD,TRENDING,skipped,BREAKOUT_UP,0.0557,0.64276,0.62947,PARTIAL,0.95,skipped,"[deterministic] weighted_score=-0.1145 → SELL (thresholds: >=0.1 BUY, <=-0.1 SELL)",SL,0.4713
11/03/2023,0.6508,0.006187142857142859,BUY,BEARISH,False,0.23786195000000002,True,True,0.22586616332871148,21.0,BULLISH,0.3461,0.84,skipped,0.1056,HOLD,TRENDING,skipped,BREAKOUT_UP,0.5203,0.6435,0.62947,PARTIAL,0.95,skipped,"[deterministic] weighted_score=0.2379 → BUY (thresholds: >=0.1 BUY, <=-0.1 SELL)",SL,0.5889
11/06/2023,0.64876,0.0061328571428571465,HOLD,BEARISH,False,-0.08475956999999999,True,False,0.11587191627070734,14.0,BEARISH,-0.2009,0.56,skipped,0.0308,HOLD,TRENDING,skipped,NONE,0.0,0.6508,0.62947,PARTIAL,0.95,skipped,"[deterministic] weighted_score=-0.0848 → HOLD (thresholds: >=0.1 BUY, <=-0.1 SELL)",HOLD_SKIP,0.3694
11/07/2023,0.64352,0.006362857142857147,HOLD,BEARISH,False,0.06819099999999999,True,False,0.06559998800395457,32.0,BULLISH,0.0862,1.0,skipped,0.045,HOLD,TRENDING,skipped,NONE,0.0,0.6508,0.62947,PARTIAL,0.95,skipped,"[deterministic] weighted_score=0.0682 → HOLD (thresholds: >=0.1 BUY, <=-0.1 SELL)",HOLD_SKIP,0.9166
11/08/2023,0.64018,0.006301428571428577,BUY,BEARISH,False,0.16143596999999998,True,True,0.17144998362276004,12.0,BULLISH,0.2979,0.48,skipped,0.045,HOLD,TRENDING,skipped,NONE,0.0,0.6508,0.62947,PARTIAL,0.95,skipped,"[deterministic] weighted_score=0.1614 → BUY (thresholds: >=0.1 BUY, <=-0.1 SELL)",SL,0.2953
11/09/2023,0.63664,0.006538571428571426,SELL,BULLISH,False,-0.24171306,True,True,0.24869997040953207,21.0,BEARISH,-0.4524,0.84,skipped,0.045,HOLD,TRENDING,skipped,NONE,0.0,0.6508,0.62947,PARTIAL,0.95,skipped,"[deterministic] weighted_score=-0.2417 → SELL (thresholds: >=0.1 BUY, <=-0.1 SELL)",SL,0.3884
11/10/2023,0.63579,0.006329285714285704,BUY,BULLISH,True,0.23584947,True,True,0.22844991934780334,17.0,BULLISH,0.4119,0.68,skipped,0.045,HOLD,TRENDING,skipped,NONE,0.0,0.6508,0.62947,PARTIAL,0.95,skipped,"[deterministic] weighted_score=0.2358 → BUY (thresholds: >=0.1 BUY, <=-0.1 SELL)",TP,0.5212
11/13/2023,0.63765,0.006307142857142852,SKIP,BULLISH,,0.0,,,,9.0,BULLISH,0.3284,0.36,skipped,0.045,HOLD,TRENDING,skipped,NONE,0.0,,,PARTIAL,0.95,skipped,SKIP: weak signals — articles=9 |ce|=0.328 |tts|=0.045,QUALITY_GATE_SKIP,0.254
11/14/2023,0.65065,0.006718571428571423,SELL,BEARISH,True,-0.13160141,True,True,0.17685399957916803,12.0,BEARISH,-0.3175,0.48,skipped,0.0362,HOLD,TRENDING,skipped,NONE,0.0,0.6508,0.63074,PARTIAL,0.95,skipped,"[deterministic] weighted_score=-0.1316 → SELL (thresholds: >=0.1 BUY, <=-0.1 SELL)",TIME,0.35
11/15/2023,0.65075,0.0067085714285714205,SKIP,BULLISH,,0.0,,,,6.0,BULLISH,0.0887,0.24,skipped,0.0356,HOLD,TRENDING,skipped,NONE,0.0,,,PARTIAL,0.95,skipped,SKIP: weak signals — articles=6 |ce|=0.089 |tts|=0.036,QUALITY_GATE_SKIP,0.179
11/16/2023,0.64676,0.006787857142857131,SKIP,BULLISH,,0.0,,,,7.0,BEARISH,-0.2852,0.28,skipped,0.045,HOLD,TRENDING,skipped,NONE,0.0,,,PARTIAL,0.95,skipped,SKIP: weak signals — articles=7 |ce|=0.285 |tts|=0.045,QUALITY_GATE_SKIP,0.2116
11/17/2023,0.65129,0.00687214285714285,SKIP,BULLISH,,0.0,,,,7.0,BULLISH,0.1924,0.28,skipped,0.0498,HOLD,TRENDING,skipped,NONE,0.0,,,PARTIAL,0.95,skipped,SKIP: weak signals — articles=7 |ce|=0.192 |tts|=0.050,QUALITY_GATE_SKIP,0.1915
11/20/2023,0.6556,0.006905714285714277,SKIP,BEARISH,,0.0,,,,9.0,BULLISH,0.0983,0.36,skipped,0.0686,HOLD,TRENDING,skipped,NONE,0.0,,,PARTIAL,0.95,skipped,SKIP: weak signals — articles=9 |ce|=0.098 |tts|=0.069,QUALITY_GATE_SKIP,0.25
11/21/2023,0.65543,0.006645714285714278,HOLD,BULLISH,False,0.064524,True,False,0.05640687736780383,58.0,BULLISH,0.0948,1.0,skipped,0.018,HOLD,TRENDING,skipped,NONE,0.0,0.6556,0.63074,PARTIAL,0.95,skipped,"[deterministic] weighted_score=0.0645 → HOLD (thresholds: >=0.1 BUY, <=-0.1 SELL)",HOLD_SKIP,1.2813
11/22/2023,0.65413,0.006572142857142852,SELL,BULLISH,False,-0.11373039000000001,True,True,0.1376673221472514,17.0,BEARISH,-0.2425,0.68,skipped,0.0328,HOLD,TRENDING,skipped,NONE,0.0,0.6556,0.63074,PARTIAL,0.95,skipped,"[deterministic] weighted_score=-0.1137 → SELL (thresholds: >=0.1 BUY, <=-0.1 SELL)",SL,0.3467
11/23/2023,0.65558,0.006150714285714279,SKIP,BULLISH,,0.0,,,,5.0,NEUTRAL,0.027,0.2,skipped,0.0223,HOLD,TRENDING,skipped,NONE,0.0,,,COHERENT,1.0,skipped,SKIP: weak signals — articles=5 |ce|=0.027 |tts|=0.022,QUALITY_GATE_SKIP,0.1631
11/24/2023,0.6581,0.006174999999999994,SKIP,BULLISH,,0.0,,,,6.0,BEARISH,-0.0846,0.24,skipped,0.0322,HOLD,TRENDING,skipped,NONE,0.0,,,PARTIAL,0.95,skipped,SKIP: weak signals — articles=6 |ce|=0.085 |tts|=0.032,QUALITY_GATE_SKIP,0.1419
11/27/2023,0.66064,0.005817142857142846,SKIP,BULLISH,,0.0,,,,10.0,NEUTRAL,0.0085,0.4,skipped,0.013,HOLD,TRENDING,skipped,NONE,0.0,,,COHERENT,1.0,skipped,SKIP: weak signals — articles=10 |ce|=0.009 |tts|=0.013,QUALITY_GATE_SKIP,0.2544
11/28/2023,0.66485,0.005941428571428558,SKIP,BEARISH,,0.0,,,,8.0,NEUTRAL,0.0078,0.32,skipped,-0.0003,HOLD,TRENDING,skipped,NONE,0.0,,,COHERENT,1.0,skipped,SKIP: weak signals — articles=8 |ce|=0.008 |tts|=0.000,QUALITY_GATE_SKIP,0.3313
11/29/2023,0.66168,0.005984285714285712,HOLD,BULLISH,False,0.041743,False,False,0.041622722058668835,15.0,BULLISH,0.0806,0.6,skipped,0.0026,HOLD,TRENDING,skipped,NONE,0.0,0.66485,0.63579,PARTIAL,0.95,skipped,"[deterministic] weighted_score=0.0417 → HOLD (thresholds: >=0.1 BUY, <=-0.1 SELL)",HOLD_SKIP,0.4383
11/30/2023,0.66033,0.006330714285714285,SKIP,BULLISH,,0.0,,,,8.0,BULLISH,0.4693,0.32,skipped,0.0199,HOLD,TRENDING,skipped,NONE,0.0,,,PARTIAL,0.95,skipped,SKIP: weak signals — articles=8 |ce|=0.469 |tts|=0.020,QUALITY_GATE_SKIP,0.2217
12/01/2023,0.66712,0.006567857142857141,BUY,BEARISH,False,0.17852874999999999,True,True,0.14925269919095616,29.0,BULLISH,0.2924,1.0,skipped,-0.0061,HOLD,TRENDING,skipped,BREAKOUT_UP,0.0781,0.66485,0.63579,PARTIAL,0.95,skipped,"[deterministic] weighted_score=0.1785 → BUY (thresholds: >=0.1 BUY, <=-0.1 SELL)",SL,0.626
12/04/2023,0.66199,0.006094999999999994,SELL,BEARISH,True,-0.26744874999999996,True,True,0.26873568388782576,20.0,BEARISH,-0.5019,0.8,skipped,0.0356,HOLD,TRENDING,skipped,NONE,0.0,0.66712,0.63579,PARTIAL,0.95,skipped,"[deterministic] weighted_score=-0.2674 → SELL (thresholds: >=0.1 BUY, <=-0.1 SELL)",TIME,0.4423
12/05/2023,0.65521,0.006228571428571417,HOLD,BULLISH,False,-0.05611174999999999,False,False,0.0800498220192763,33.0,BEARISH,-0.1151,1.0,skipped,0.045,HOLD,TRENDING,skipped,NONE,0.0,0.66712,0.63579,PARTIAL,0.95,skipped,"[deterministic] weighted_score=-0.0561 → HOLD (thresholds: >=0.1 BUY, <=-0.1 SELL)",HOLD_SKIP,0.8821
12/06/2023,0.65486,0.0061735714285714215,HOLD,BULLISH,False,-0.023140569999999992,False,False,0.18245,16.0,BULLISH,0.1399,0.64,skipped,-0.225,SELL,TRENDING,skipped,NONE,0.0,0.66712,0.63579,PARTIAL,0.85,skipped,"[deterministic] weighted_score=-0.0231 → HOLD (thresholds: >=0.1 BUY, <=-0.1 SELL)",HOLD_SKIP,0.5325
12/07/2023,0.66018,0.006392857142857137,SKIP,BEARISH,,0.0,,,,7.0,BULLISH,0.3701,0.28,skipped,-0.045,HOLD,TRENDING,skipped,NONE,0.0,,,PARTIAL,0.95,skipped,SKIP: weak signals — articles=7 |ce|=0.370 |tts|=0.045,QUALITY_GATE_SKIP,0.2021
12/08/2023,0.65745,0.006373571428571423,SELL,BULLISH,False,-0.11082111,True,True,0.10334996652540625,22.0,BEARISH,-0.1617,0.88,skipped,-0.045,HOLD,TRENDING,skipped,NONE,0.0,0.66712,0.63579,PARTIAL,0.95,skipped,"[deterministic] weighted_score=-0.1108 → SELL (thresholds: >=0.1 BUY, <=-0.1 SELL)",SL,0.5764
12/11/2023,0.65667,0.006287142857142848,HOLD,BULLISH,False,-0.046878699999999995,False,False,0.049099974071273866,15.0,BEARISH,-0.0532,0.6,skipped,-0.045,HOLD,TRENDING,skipped,NONE,0.0,0.66712,0.63765,PARTIAL,0.95,skipped,"[deterministic] weighted_score=-0.0469 → HOLD (thresholds: >=0.1 BUY, <=-0.1 SELL)",HOLD_SKIP,0.4161
12/12/2023,0.65594,0.00646071428571428,BUY,BULLISH,True,0.30450768000000006,True,True,0.30359997825538615,21.0,BULLISH,0.5622,0.84,skipped,-0.045,HOLD,TRENDING,skipped,NONE,0.0,0.66712,0.64676,PARTIAL,0.95,skipped,"[deterministic] weighted_score=0.3045 → BUY (thresholds: >=0.1 BUY, <=-0.1 SELL)",TP,0.6679
12/13/2023,0.6661,0.007119285714285717,BUY,BULLISH,True,0.17761352,True,True,0.2593894407903255,11.0,BULLISH,0.4557,0.44,skipped,-0.0631,HOLD,TRENDING,skipped,NONE,0.0,0.66712,0.64676,PARTIAL,0.95,skipped,"[deterministic] weighted_score=0.1776 → BUY (thresholds: >=0.1 BUY, <=-0.1 SELL)",TIME,0.2917
12/14/2023,0.66971,0.007371428571428569,HOLD,BULLISH,False,-0.02711126000000001,False,False,0.2587211154119258,12.0,BEARISH,-0.2937,0.48,skipped,0.2237,BUY,TRENDING,skipped,BREAKOUT_UP,0.1272,0.66712,0.64676,PARTIAL,0.85,skipped,"[deterministic] weighted_score=-0.0271 → HOLD (thresholds: >=0.1 BUY, <=-0.1 SELL)",HOLD_SKIP,0.3773
12/15/2023,0.67001,0.007499285714285716,SKIP,BULLISH,,0.0,,,,1.0,BEARISH,-0.5401,0.04,skipped,0.0052,HOLD,TRANSITIONAL,skipped,NONE,0.0,,,PARTIAL,0.95,skipped,SKIP: weak signals — articles=1 |ce|=0.540 |tts|=0.005,QUALITY_GATE_SKIP,0.0998
12/18/2023,0.67063,0.007323571428571437,SKIP,BULLISH,,0.0,,,,8.0,NEUTRAL,-0.0419,0.32,skipped,0.004,HOLD,TRANSITIONAL,skipped,NONE,0.0,,,COHERENT,1.0,skipped,SKIP: weak signals — articles=8 |ce|=0.042 |tts|=0.004,QUALITY_GATE_SKIP,0.3078
12/19/2023,0.67622,0.007348571428571434,SELL,BULLISH,False,-0.14814775,True,True,0.12094682222610272,27.0,BEARISH,-0.2376,1.0,skipped,-0.0043,HOLD,TRANSITIONAL,skipped,BREAKOUT_UP,0.3388,0.67063,0.65413,PARTIAL,0.95,skipped,"[deterministic] weighted_score=-0.1481 → SELL (thresholds: >=0.1 BUY, <=-0.1 SELL)",TIME,0.5708
12/20/2023,0.67302,0.00717357142857143,SKIP,BULLISH,,0.0,,,,13.0,NEUTRAL,0.0215,0.52,skipped,0.0044,HOLD,TRANSITIONAL,skipped,NONE,0.0,,,COHERENT,1.0,skipped,SKIP: weak signals — articles=13 |ce|=0.021 |tts|=0.004,QUALITY_GATE_SKIP,0.3426
12/21/2023,0.6802,0.007207142857142849,SKIP,BEARISH,,0.0,,,,8.0,BULLISH,0.7902,0.32,skipped,-0.0256,HOLD,TRANSITIONAL,skipped,NONE,0.0,,,PARTIAL,0.95,skipped,SKIP: weak signals — articles=8 |ce|=0.790 |tts|=0.026,QUALITY_GATE_SKIP,0.2031
12/22/2023,0.67974,0.0069664285714285635,SKIP,BULLISH,,0.0,,,,9.0,BULLISH,0.2237,0.36,skipped,-0.0409,HOLD,RANGING,skipped,NONE,0.0,,,PARTIAL,0.95,skipped,SKIP: weak signals — articles=9 |ce|=0.224 |tts|=0.041,QUALITY_GATE_SKIP,0.277
12/25/2023,0.6802,0.006712142857142857,SKIP,BULLISH,,0.0,,,,9.0,BULLISH,0.2237,0.36,skipped,-0.0443,HOLD,RANGING,skipped,NONE,0.0,,,PARTIAL,0.95,skipped,SKIP: weak signals — articles=9 |ce|=0.224 |tts|=0.044,QUALITY_GATE_SKIP,0.0332
12/26/2023,0.68237,0.006634285714285719,SKIP,BULLISH,,0.0,,,,6.0,BEARISH,-0.1469,0.24,skipped,-0.0562,HOLD,RANGING,skipped,NONE,0.0,,,PARTIAL,0.95,skipped,SKIP: weak signals — articles=6 |ce|=0.147 |tts|=0.056,QUALITY_GATE_SKIP,0.1964
12/27/2023,0.68468,0.00621857142857143,SKIP,BEARISH,,0.0,,,,5.0,BULLISH,0.5572,0.2,skipped,-0.0729,HOLD,RANGING,skipped,NONE,0.0,,,PARTIAL,0.95,skipped,SKIP: weak signals — articles=5 |ce|=0.557 |tts|=0.073,QUALITY_GATE_SKIP,0.1644
12/28/2023,0.68281,0.006115000000000005,SKIP,BEARISH,,0.0,,,,6.0,BEARISH,-0.2436,0.24,skipped,-0.0424,HOLD,RANGING,skipped,NONE,0.0,,,PARTIAL,0.95,skipped,SKIP: weak signals — articles=6 |ce|=0.244 |tts|=0.042,QUALITY_GATE_SKIP,0.1845
12/29/2023,0.68078,0.006344285714285723,SKIP,BEARISH,,0.0,,,,3.0,BEARISH,-0.2345,0.12,skipped,-0.0055,HOLD,RANGING,skipped,NONE,0.0,,,PARTIAL,0.95,skipped,SKIP: weak signals — articles=3 |ce|=0.234 |tts|=0.005,QUALITY_GATE_SKIP,0.1143
---,,,ACCURACY SUMMARY,,,,,,,,,,,,,,,,,,,,,,,,,
BUY Accuracy,,,54.55%,24/44,,,,,,,,,,,,,,,,,,,,,,,,
SELL Accuracy,,,51.52%,17/33,,,,,,,,,,,,,,,,,,,,,,,,
BUY+SELL Accuracy,,,53.25%,41/77,,,,,,,,,,,,,,,,,,,,,,,,
HOLD Accuracy,,,0.0%,0/63,,,,,,,,,,,,,,,,,,,,,,,,
OVERALL Accuracy,,,29.29%,41/140,,,,,,,,,,,,,,,,,,,,,,,,
Skipped (gate),,,120,quality gate,,,,,,,,,,,,,,,,,,,,,,,,
---,,,SL/TP SUMMARY,,,,,,,,,,,,,,,,,,,,,,,,,
TP Hits,,,,7,,,,,,,,,,,,,,,,,,,,,,,,
SL Hits,,,,23,,,,,,,,,,,,,,,,,,,,,,,,
TIME Exits,,,,47,,,,,,,,,,,,,,,,,,,,,,,,
HOLD Skips,,,,63,,,,,,,,,,,,,,,,,,,,,,,,
---,,,BREAKOUT SUMMARY,,,,,,,,,,,,,,,,,,,,,,,,,
Breakout UP Total,,,,18,,,,,,,,,,,,,,,,,,,,,,,,
Breakout UP Correct,,,,66.67% (12/18),,,,,,,,,,,,,,,,,,,,,,,,
Breakout DOWN Total,,,,17,,,,,,,,,,,,,,,,,,,,,,,,
Breakout DOWN Correct,,,,41.18% (7/17),,,,,,,,,,,,,,,,,,,,,,,,
