Date,Price,ATR,Final_Verdict,Market_Reality,Correct,Weighted_Score,Exit_Reason,CE_Article_Count,CE_Sentiment,CE_Score,CE_Confidence,TTS_Score,TTS_Decision,TTS_Regime,TTS_Breakout_Signal,TTS_Breakout_Strength,TTS_Breakout_High,TTS_Breakout_Low,SIV_Signal,SIV_Multiplier,Verdict_Reasoning,CE_Explanation,TTS_Explanation,SIV_Explanation,Execution_Time_Seconds,Strong_Verdict,Trade_Allowed,Signal_Confidence
01/02/2023,130.79,1.7988571428571447,SKIP,BULLISH,,0.0,QUALITY_GATE_SKIP,7.0,NEUTRAL,0.0298,0.28,0.001,HOLD,TRENDING,NONE,0.0,,,COHERENT,1.0,SKIP: weak signals — articles=7 |ce|=0.030 |tts|=0.001,skipped,skipped,skipped,0.5154,,,
01/03/2023,131.014,1.8292857142857173,SKIP,BULLISH,,0.0,QUALITY_GATE_SKIP,14.0,NEUTRAL,-0.0489,0.56,0.0024,HOLD,TRENDING,NONE,0.0,,,COHERENT,1.0,SKIP: weak signals — articles=14 |ce|=0.049 |tts|=0.002,skipped,skipped,skipped,0.3186,,,
01/04/2023,132.603,1.818714285714289,SKIP,BULLISH,,0.0,QUALITY_GATE_SKIP,7.0,BEARISH,-0.3935,0.28,0.225,BUY,TRENDING,NONE,0.0,,,PARTIAL,0.85,SKIP: signal_mismatch — need CE strong (TTS unreliable),skipped,skipped,skipped,0.2363,,,
01/05/2023,133.401,1.8723571428571444,SELL,BEARISH,True,-0.12406296999999997,TIME,11.0,BEARISH,-0.3193,0.44,0.045,HOLD,TRENDING,NONE,0.0,137.769,130.79,PARTIAL,0.95,"[deterministic] weighted_score=-0.1241 → SELL (thresholds: >=0.1 BUY, <=-0.1 SELL)",skipped,skipped,skipped,0.2618,True,True,0.18214999987220437
01/06/2023,132.03,1.9703571428571434,BUY,BULLISH,True,0.15578575,TIME,15.0,BULLISH,0.2695,0.6,0.045,HOLD,TRENDING,NONE,0.0,137.769,130.79,PARTIAL,0.95,"[deterministic] weighted_score=0.1558 → BUY (thresholds: >=0.1 BUY, <=-0.1 SELL)",skipped,skipped,skipped,0.3989,True,True,0.15724999987887261
01/09/2023,131.874,1.574,BUY,BEARISH,False,0.14768662,SL,16.0,BULLISH,0.2488,0.64,0.045,HOLD,TRENDING,NONE,0.0,137.769,130.79,PARTIAL,0.95,"[deterministic] weighted_score=0.1477 → BUY (thresholds: >=0.1 BUY, <=-0.1 SELL)",skipped,skipped,skipped,0.4425,True,True,0.1468999998809434
01/10/2023,132.25,1.5781428571428566,SKIP,BEARISH,,0.0,QUALITY_GATE_SKIP,10.0,NEUTRAL,0.037,0.4,0.045,HOLD,TRENDING,NONE,0.0,,,COHERENT,1.0,SKIP: weak signals — articles=10 |ce|=0.037 |tts|=0.045,skipped,skipped,skipped,0.2471,,,
01/11/2023,132.468,1.5581428571428586,SKIP,BEARISH,,0.0,QUALITY_GATE_SKIP,7.0,BEARISH,-0.0901,0.28,0.045,HOLD,TRENDING,NONE,0.0,,,PARTIAL,0.95,SKIP: weak signals — articles=7 |ce|=0.090 |tts|=0.045,skipped,skipped,skipped,0.2021,,,
01/12/2023,129.27,1.7471428571428578,HOLD,BEARISH,False,-0.08621629999999998,HOLD_SKIP,10.0,BEARISH,-0.2435,0.4,0.0447,HOLD,TRENDING,BREAKOUT_DOWN,0.2178,137.769,130.79,PARTIAL,0.95,"[deterministic] weighted_score=-0.0862 → HOLD (thresholds: >=0.1 BUY, <=-0.1 SELL)",skipped,skipped,skipped,0.2496,True,False,0.14410446148356004
01/13/2023,127.853,1.8216428571428582,BUY,BULLISH,True,0.11140626999999999,TP,11.0,BULLISH,0.4932,0.44,-0.2059,SELL,TRANSITIONAL,BREAKOUT_DOWN,0.1857,136.9,129.27,PARTIAL,0.85,"[deterministic] weighted_score=0.1114 → BUY (thresholds: >=0.1 BUY, <=-0.1 SELL)",skipped,skipped,skipped,0.2868,True,True,0.34952601521505916
01/16/2023,128.57,1.8673571428571438,HOLD,BULLISH,False,0.06571549,HOLD_SKIP,13.0,BULLISH,0.1288,0.52,0.0081,HOLD,TRANSITIONAL,NONE,0.0,136.9,127.853,PARTIAL,0.95,"[deterministic] weighted_score=0.0657 → HOLD (thresholds: >=0.1 BUY, <=-0.1 SELL)",skipped,skipped,skipped,0.3896,True,False,0.06847275613692168
01/17/2023,128.1,1.8670714285714294,SELL,BULLISH,False,-0.19316255,SL,15.0,BEARISH,-0.4004,0.6,0.0189,HOLD,TRANSITIONAL,NONE,0.0,134.47,127.853,PARTIAL,0.95,"[deterministic] weighted_score=-0.1932 → SELL (thresholds: >=0.1 BUY, <=-0.1 SELL)",skipped,skipped,skipped,0.3998,True,True,0.20964990497876676
01/18/2023,128.887,2.0382857142857143,BUY,BULLISH,True,0.36499,TIME,72.0,BULLISH,0.6005,1.0,-0.0175,HOLD,TRANSITIONAL,NONE,0.0,134.47,127.853,PARTIAL,0.95,"[deterministic] weighted_score=0.365 → BUY (thresholds: >=0.1 BUY, <=-0.1 SELL)",skipped,skipped,skipped,1.5315,True,True,0.3090092192576749
01/19/2023,128.412,1.9540714285714285,HOLD,BULLISH,False,-0.04990236,HOLD_SKIP,16.0,BEARISH,-0.0921,0.64,-0.0057,HOLD,RANGING,NONE,0.0,134.47,127.853,PARTIAL,0.95,"[deterministic] weighted_score=-0.0499 → HOLD (thresholds: >=0.1 BUY, <=-0.1 SELL)",skipped,skipped,skipped,0.4365,False,False,0.04892123397490927
01/20/2023,129.464,2.0830714285714294,SKIP,BULLISH,,0.0,QUALITY_GATE_SKIP,13.0,NEUTRAL,-0.047,0.52,-0.057,HOLD,RANGING,NONE,0.0,,,COHERENT,1.0,SKIP: weak signals — articles=13 |ce|=0.047 |tts|=0.057,skipped,skipped,skipped,0.3455,,,
01/23/2023,130.66,2.079571428571429,SKIP,BEARISH,,0.0,QUALITY_GATE_SKIP,9.0,BEARISH,-0.0616,0.36,0.285,BUY,RANGING,NONE,0.0,,,PARTIAL,0.85,SKIP: signal_mismatch — need CE strong (TTS unreliable),skipped,skipped,skipped,0.2697,,,
01/24/2023,130.162,1.9795000000000016,SKIP,BEARISH,,0.0,QUALITY_GATE_SKIP,5.0,BULLISH,0.232,0.2,0.057,HOLD,RANGING,NONE,0.0,,,PARTIAL,0.95,SKIP: weak signals — articles=5 |ce|=0.232 |tts|=0.057,skipped,skipped,skipped,0.158,,,
01/25/2023,129.565,1.9054285714285726,SKIP,BULLISH,,0.0,QUALITY_GATE_SKIP,6.0,BEARISH,-0.8709,0.24,0.057,HOLD,RANGING,NONE,0.0,,,PARTIAL,0.95,SKIP: weak signals — articles=6 |ce|=0.871 |tts|=0.057,skipped,skipped,skipped,0.2292,,,
01/26/2023,130.209,1.8207857142857153,BUY,BEARISH,False,0.13683173,TIME,17.0,BULLISH,0.2141,0.68,0.057,HOLD,RANGING,NONE,0.0,133.401,127.853,PARTIAL,0.95,"[deterministic] weighted_score=0.1368 → BUY (thresholds: >=0.1 BUY, <=-0.1 SELL)",skipped,skipped,skipped,0.5317,True,True,0.13554999990281644
01/27/2023,129.804,1.7796428571428586,SKIP,BEARISH,,0.0,QUALITY_GATE_SKIP,6.0,BEARISH,-0.1782,0.24,0.051,HOLD,TRANSITIONAL,NONE,0.0,,,PARTIAL,0.95,SKIP: weak signals — articles=6 |ce|=0.178 |tts|=0.051,skipped,skipped,skipped,0.1939,,,
01/30/2023,130.405,1.7997142857142856,HOLD,BEARISH,False,-0.01697327,HOLD_SKIP,13.0,BEARISH,-0.0851,0.52,0.051,HOLD,TRANSITIONAL,NONE,0.0,133.401,127.853,PARTIAL,0.95,"[deterministic] weighted_score=-0.017 → HOLD (thresholds: >=0.1 BUY, <=-0.1 SELL)",skipped,skipped,skipped,0.4055,False,False,0.0680499999253302
01/31/2023,130.09,1.7974285714285705,HOLD,BEARISH,False,-0.04065734000000001,HOLD_SKIP,11.0,BEARISH,-0.1436,0.44,0.051,HOLD,TRANSITIONAL,NONE,0.0,133.401,127.853,PARTIAL,0.95,"[deterministic] weighted_score=-0.0407 → HOLD (thresholds: >=0.1 BUY, <=-0.1 SELL)",skipped,skipped,skipped,0.3211,False,False,0.09729999992557725
02/01/2023,128.923,1.6710714285714272,HOLD,BULLISH,False,-0.051697480000000004,HOLD_SKIP,23.0,BEARISH,-0.1174,0.92,0.051,HOLD,TRANSITIONAL,NONE,0.0,133.401,127.853,PARTIAL,0.95,"[deterministic] weighted_score=-0.0517 → HOLD (thresholds: >=0.1 BUY, <=-0.1 SELL)",skipped,skipped,skipped,0.4835,False,False,0.08419999990321389
02/02/2023,128.668,1.604857142857142,SKIP,BULLISH,,0.0,QUALITY_GATE_SKIP,26.0,NEUTRAL,0.0108,1.0,0.0567,HOLD,TRANSITIONAL,NONE,0.0,,,COHERENT,1.0,SKIP: weak signals — articles=26 |ce|=0.011 |tts|=0.057,skipped,skipped,skipped,0.5968,,,
02/03/2023,131.156,1.6945714285714268,SELL,BULLISH,False,-0.22948674999999993,SL,30.0,BEARISH,-0.3991,1.0,0.051,HOLD,TRANSITIONAL,NONE,0.0,132.468,127.853,PARTIAL,0.95,"[deterministic] weighted_score=-0.2295 → SELL (thresholds: >=0.1 BUY, <=-0.1 SELL)",skipped,skipped,skipped,0.7436,True,True,0.22504999991860336
02/06/2023,132.634,1.7357857142857114,SELL,BEARISH,True,-0.10336132999999997,TIME,23.0,BEARISH,-0.2075,0.92,0.0564,HOLD,TRANSITIONAL,BREAKOUT_UP,0.036,132.468,127.853,PARTIAL,0.95,"[deterministic] weighted_score=-0.1034 → SELL (thresholds: >=0.1 BUY, <=-0.1 SELL)",skipped,skipped,skipped,0.54,True,True,0.13194772475620692
02/07/2023,131.056,1.6092857142857102,HOLD,BEARISH,False,0.06591955,HOLD_SKIP,14.0,BULLISH,0.0865,0.56,0.051,HOLD,TRANSITIONAL,NONE,0.0,132.634,127.853,PARTIAL,0.95,"[deterministic] weighted_score=0.0659 → HOLD (thresholds: >=0.1 BUY, <=-0.1 SELL)",skipped,skipped,skipped,0.3425,True,False,0.06874999994474712
02/08/2023,131.399,1.5954999999999973,SELL,BEARISH,True,-0.11951038,TIME,16.0,BEARISH,-0.2752,0.64,0.051,HOLD,TRANSITIONAL,NONE,0.0,132.634,127.853,PARTIAL,0.95,"[deterministic] weighted_score=-0.1195 → SELL (thresholds: >=0.1 BUY, <=-0.1 SELL)",skipped,skipped,skipped,0.4271,True,True,0.1630999999444447
02/09/2023,131.58,1.540071428571427,SKIP,BEARISH,,0.0,QUALITY_GATE_SKIP,5.0,BULLISH,0.3434,0.2,0.045,HOLD,TRENDING,NONE,0.0,,,PARTIAL,0.95,SKIP: weak signals — articles=5 |ce|=0.343 |tts|=0.045,skipped,skipped,skipped,0.1623,,,
02/10/2023,131.347,1.5559999999999994,HOLD,BULLISH,False,0.08863024999999998,HOLD_SKIP,27.0,BULLISH,0.1193,1.0,0.045,HOLD,TRENDING,NONE,0.0,132.634,127.853,PARTIAL,0.95,"[deterministic] weighted_score=0.0886 → HOLD (thresholds: >=0.1 BUY, <=-0.1 SELL)",skipped,skipped,skipped,0.6469,True,False,0.0821499999459739
02/13/2023,132.4,1.5764999999999978,HOLD,BULLISH,False,0.08320062,HOLD_SKIP,14.0,BULLISH,0.1272,0.56,0.045,HOLD,TRENDING,NONE,0.0,132.634,128.1,PARTIAL,0.95,"[deterministic] weighted_score=0.0832 → HOLD (thresholds: >=0.1 BUY, <=-0.1 SELL)",skipped,skipped,skipped,0.3464,True,False,0.0860999999494225
02/14/2023,133.158,1.610285714285713,BUY,BULLISH,True,0.12528599999999998,TIME,43.0,BULLISH,0.1631,1.0,0.0739,HOLD,TRENDING,BREAKOUT_UP,0.1156,132.634,128.1,PARTIAL,0.95,"[deterministic] weighted_score=0.1253 → BUY (thresholds: >=0.1 BUY, <=-0.1 SELL)",skipped,skipped,skipped,0.9908,True,True,0.11849640489156293
02/15/2023,134.137,1.6260714285714275,SKIP,BULLISH,,0.0,QUALITY_GATE_SKIP,9.0,BULLISH,0.0569,0.36,0.0544,HOLD,TRANSITIONAL,NONE,0.0,,,PARTIAL,0.95,SKIP: weak signals — articles=9 |ce|=0.057 |tts|=0.054,skipped,skipped,skipped,0.2711,,,
02/16/2023,133.932,1.6322142857142836,HOLD,BULLISH,False,-0.056023779999999995,HOLD_SKIP,11.0,BEARISH,-0.172,0.44,0.0462,HOLD,TRANSITIONAL,NONE,0.0,134.137,128.412,PARTIAL,0.95,"[deterministic] weighted_score=-0.056 → HOLD (thresholds: >=0.1 BUY, <=-0.1 SELL)",skipped,skipped,skipped,0.2952,False,False,0.10908915843945943
02/17/2023,134.114,1.6194285714285712,HOLD,BULLISH,False,-0.09773029999999998,HOLD_SKIP,21.0,BEARISH,-0.1972,0.84,0.0398,HOLD,TRANSITIONAL,NONE,0.0,134.137,128.668,PARTIAL,0.95,"[deterministic] weighted_score=-0.0977 → HOLD (thresholds: >=0.1 BUY, <=-0.1 SELL)",skipped,skipped,skipped,0.5141,True,False,0.11851158002442005
02/20/2023,134.23,1.6065714285714279,HOLD,BULLISH,False,0.07221672,HOLD_SKIP,14.0,BULLISH,0.1113,0.56,0.0381,HOLD,TRANSITIONAL,BREAKOUT_UP,0.017,134.137,128.668,PARTIAL,0.95,"[deterministic] weighted_score=0.0722 → HOLD (thresholds: >=0.1 BUY, <=-0.1 SELL)",skipped,skipped,skipped,0.3962,True,False,0.07471707523671299
02/21/2023,134.993,1.5490714285714293,SELL,BULLISH,False,-0.29772087999999997,TIME,18.0,BEARISH,-0.5757,0.72,0.0287,HOLD,TRANSITIONAL,BREAKOUT_UP,0.1372,134.23,128.668,PARTIAL,0.95,"[deterministic] weighted_score=-0.2977 → SELL (thresholds: >=0.1 BUY, <=-0.1 SELL)",skipped,skipped,skipped,0.4659,True,True,0.30219627583905195
02/22/2023,134.861,1.5224999999999997,HOLD,BULLISH,False,0.09132616,HOLD_SKIP,19.0,BULLISH,0.1542,0.76,0.0166,HOLD,TRANSITIONAL,NONE,0.0,134.993,128.668,PARTIAL,0.95,"[deterministic] weighted_score=0.0913 → HOLD (thresholds: >=0.1 BUY, <=-0.1 SELL)",skipped,skipped,skipped,0.5269,True,False,0.08539688560091539
02/23/2023,134.7,1.3782857142857157,HOLD,BULLISH,False,-0.07505474999999999,HOLD_SKIP,28.0,BEARISH,-0.1363,1.0,0.0274,HOLD,TRANSITIONAL,NONE,0.0,134.993,128.668,PARTIAL,0.95,"[deterministic] weighted_score=-0.0751 → HOLD (thresholds: >=0.1 BUY, <=-0.1 SELL)",skipped,skipped,skipped,0.6456,True,False,0.08184114520650404
02/24/2023,136.406,1.430571428571432,BUY,BEARISH,False,0.14583449999999998,TIME,32.0,BULLISH,0.2359,1.0,0.0005,HOLD,TRANSITIONAL,BREAKOUT_UP,0.2234,134.993,128.668,PARTIAL,0.95,"[deterministic] weighted_score=0.1458 → BUY (thresholds: >=0.1 BUY, <=-0.1 SELL)",skipped,skipped,skipped,0.8344,True,True,0.11818647592108388
02/27/2023,136.166,1.3175714285714346,HOLD,BEARISH,False,0.049837000000000006,HOLD_SKIP,12.0,BULLISH,0.1233,0.48,-0.0167,HOLD,TRANSITIONAL,NONE,0.0,136.406,128.668,PARTIAL,0.95,"[deterministic] weighted_score=0.0498 → HOLD (thresholds: >=0.1 BUY, <=-0.1 SELL)",skipped,skipped,skipped,0.2998,False,False,0.06998839358890432
02/28/2023,136.172,1.3346428571428615,SELL,BEARISH,True,-0.36039865,TIME,15.0,BEARISH,-0.7008,0.6,-0.0169,HOLD,TRANSITIONAL,NONE,0.0,136.406,128.668,PARTIAL,0.95,"[deterministic] weighted_score=-0.3604 → SELL (thresholds: >=0.1 BUY, <=-0.1 SELL)",skipped,skipped,skipped,0.4001,True,True,0.35884372852705193
03/01/2023,136.182,1.3157857142857179,SELL,BULLISH,False,-0.10154416999999999,TIME,13.0,BEARISH,-0.1924,0.52,-0.0193,HOLD,RANGING,NONE,0.0,136.406,128.668,PARTIAL,0.95,"[deterministic] weighted_score=-0.1015 → SELL (thresholds: >=0.1 BUY, <=-0.1 SELL)",skipped,skipped,skipped,0.4239,True,True,0.1058480190447393
03/02/2023,136.755,1.2450714285714315,SKIP,BEARISH,,0.0,QUALITY_GATE_SKIP,19.0,NEUTRAL,0.0016,0.76,-0.0412,HOLD,RANGING,NONE,0.0,,,COHERENT,1.0,SKIP: weak signals — articles=19 |ce|=0.002 |tts|=0.041,skipped,skipped,skipped,0.5279,,,
03/03/2023,135.831,1.199857142857145,BUY,BULLISH,True,0.11325311,TIME,16.0,BULLISH,0.1897,0.64,0.0358,HOLD,RANGING,NONE,0.0,136.755,131.056,PARTIAL,0.95,"[deterministic] weighted_score=0.1133 → BUY (thresholds: >=0.1 BUY, <=-0.1 SELL)",skipped,skipped,skipped,0.4022,True,True,0.11274514086910965
03/06/2023,135.905,1.1292857142857164,SELL,BULLISH,False,-0.14678716,SL,13.0,BEARISH,-0.3367,0.52,0.0321,HOLD,RANGING,NONE,0.0,136.755,131.056,PARTIAL,0.95,"[deterministic] weighted_score=-0.1468 → SELL (thresholds: >=0.1 BUY, <=-0.1 SELL)",skipped,skipped,skipped,0.2976,True,True,0.1843893037184083
03/07/2023,137.149,1.1167142857142867,SKIP,BEARISH,,0.0,QUALITY_GATE_SKIP,18.0,NEUTRAL,0.0168,0.72,-0.0216,HOLD,RANGING,NONE,0.0,,,COHERENT,1.0,SKIP: weak signals — articles=18 |ce|=0.017 |tts|=0.022,skipped,skipped,skipped,0.4867,,,
03/08/2023,137.358,1.1562142857142865,HOLD,BEARISH,False,-0.07495025,HOLD_SKIP,30.0,BEARISH,-0.1042,1.0,-0.0319,HOLD,RANGING,BREAKOUT_UP,0.036,137.149,131.347,PARTIAL,0.95,"[deterministic] weighted_score=-0.075 → HOLD (thresholds: >=0.1 BUY, <=-0.1 SELL)",skipped,skipped,skipped,0.8615,True,False,0.0680506095163723
03/09/2023,136.132,1.171357142857143,BUY,BEARISH,False,0.15686324000000001,SL,21.0,BULLISH,0.2366,0.84,0.057,HOLD,RANGING,NONE,0.0,137.358,131.347,PARTIAL,0.95,"[deterministic] weighted_score=0.1569 → BUY (thresholds: >=0.1 BUY, <=-0.1 SELL)",skipped,skipped,skipped,0.5182,True,True,0.14679999953819964
03/10/2023,134.962,1.3330714285714274,SELL,BEARISH,True,-0.11847450000000001,TP,80.0,NEUTRAL,-0.0384,1.0,-0.285,SELL,RANGING,NONE,0.0,137.358,131.347,PARTIAL,0.95,"[deterministic] weighted_score=-0.1185 → SELL (thresholds: >=0.1 BUY, <=-0.1 SELL)",skipped,skipped,skipped,2.0484,True,True,0.16169999999999998
03/13/2023,133.196,1.4549285714285694,SELL,BULLISH,False,-0.20498758000000003,SL,17.0,BEARISH,-0.3436,0.68,-0.057,HOLD,RANGING,NONE,0.0,137.358,132.4,PARTIAL,0.95,"[deterministic] weighted_score=-0.205 → SELL (thresholds: >=0.1 BUY, <=-0.1 SELL)",skipped,skipped,skipped,0.4641,True,True,0.20029999990483863
03/14/2023,134.252,1.5406428571428563,SKIP,BEARISH,,0.0,QUALITY_GATE_SKIP,10.0,NEUTRAL,-0.0344,0.4,-0.057,HOLD,RANGING,NONE,0.0,,,COHERENT,1.0,SKIP: weak signals — articles=10 |ce|=0.034 |tts|=0.057,skipped,skipped,skipped,0.2757,,,
03/15/2023,133.329,1.6863571428571416,HOLD,BEARISH,False,-0.06423995,HOLD_SKIP,12.0,BEARISH,-0.0785,0.48,-0.057,HOLD,RANGING,NONE,0.0,137.358,133.196,PARTIAL,0.95,"[deterministic] weighted_score=-0.0642 → HOLD (thresholds: >=0.1 BUY, <=-0.1 SELL)",skipped,skipped,skipped,0.3224,True,False,0.06774999993615588
03/16/2023,133.55,1.661285714285713,SKIP,BEARISH,,0.0,QUALITY_GATE_SKIP,5.0,BULLISH,0.1488,0.2,-0.057,HOLD,RANGING,NONE,0.0,,,PARTIAL,0.95,SKIP: weak signals — articles=5 |ce|=0.149 |tts|=0.057,skipped,skipped,skipped,0.174,,,
03/17/2023,131.803,1.766142857142855,SKIP,BEARISH,,0.0,QUALITY_GATE_SKIP,10.0,NEUTRAL,-0.0044,0.4,-0.0429,HOLD,RANGING,NONE,0.0,,,COHERENT,1.0,SKIP: weak signals — articles=10 |ce|=0.004 |tts|=0.043,skipped,skipped,skipped,0.2724,,,
03/20/2023,131.28,1.831071428571428,HOLD,BULLISH,False,0.037422399999999995,HOLD_SKIP,15.0,BULLISH,0.0894,0.6,-0.017,HOLD,RANGING,BREAKOUT_DOWN,0.0941,137.358,131.803,PARTIAL,0.95,"[deterministic] weighted_score=0.0374 → HOLD (thresholds: >=0.1 BUY, <=-0.1 SELL)",skipped,skipped,skipped,0.3927,False,False,0.05321177497729769
03/21/2023,132.43,1.8582857142857137,SKIP,BEARISH,,0.0,QUALITY_GATE_SKIP,8.0,NEUTRAL,0.0291,0.32,-0.057,HOLD,RANGING,NONE,0.0,,,COHERENT,1.0,SKIP: weak signals — articles=8 |ce|=0.029 |tts|=0.057,skipped,skipped,skipped,0.2581,,,
03/22/2023,131.38,1.9248571428571435,SKIP,BEARISH,,0.0,QUALITY_GATE_SKIP,2.0,NEUTRAL,0.0,0.08,-0.0509,HOLD,RANGING,NONE,0.0,,,COHERENT,1.0,SKIP: weak signals — articles=2 |ce|=0.000 |tts|=0.051,skipped,skipped,skipped,0.0812,,,
03/23/2023,130.804,1.9465000000000023,SKIP,BEARISH,,0.0,QUALITY_GATE_SKIP,2.0,NEUTRAL,0.0,0.08,-0.0337,HOLD,RANGING,NONE,0.0,,,COHERENT,1.0,SKIP: weak signals — articles=2 |ce|=0.000 |tts|=0.034,skipped,skipped,skipped,0.0437,,,
03/24/2023,130.701,1.9822857142857149,SKIP,BULLISH,,0.0,QUALITY_GATE_SKIP,1.0,NEUTRAL,0.0,0.04,-0.0268,HOLD,RANGING,NONE,0.0,,,COHERENT,1.0,SKIP: weak signals — articles=1 |ce|=0.000 |tts|=0.027,skipped,skipped,skipped,0.0705,,,
03/27/2023,131.534,1.9556428571428586,SELL,BULLISH,False,-0.2801683,TIME,10.0,BEARISH,-0.5632,0.4,-0.057,HOLD,RANGING,NONE,0.0,137.358,130.701,PARTIAL,0.95,"[deterministic] weighted_score=-0.2802 → SELL (thresholds: >=0.1 BUY, <=-0.1 SELL)",skipped,skipped,skipped,0.2697,True,True,0.31009999994279824
03/28/2023,130.834,1.937571428571431,SKIP,BULLISH,,0.0,QUALITY_GATE_SKIP,5.0,BULLISH,0.272,0.2,-0.0434,HOLD,TRANSITIONAL,NONE,0.0,,,PARTIAL,0.95,SKIP: weak signals — articles=5 |ce|=0.272 |tts|=0.043,skipped,skipped,skipped,0.1622,,,
03/29/2023,132.717,1.9902857142857167,SKIP,BULLISH,,0.0,QUALITY_GATE_SKIP,5.0,BEARISH,-0.164,0.2,-0.051,HOLD,TRANSITIONAL,NONE,0.0,,,PARTIAL,0.95,SKIP: weak signals — articles=5 |ce|=0.164 |tts|=0.051,skipped,skipped,skipped,0.1517,,,
03/30/2023,132.649,1.8404285714285749,SKIP,BEARISH,,0.0,QUALITY_GATE_SKIP,8.0,BEARISH,-0.3576,0.32,-0.051,HOLD,TRANSITIONAL,NONE,0.0,,,PARTIAL,0.95,SKIP: weak signals — articles=8 |ce|=0.358 |tts|=0.051,skipped,skipped,skipped,0.2097,,,
03/31/2023,132.797,1.7141428571428605,HOLD,BEARISH,False,0.032222669999999995,HOLD_SKIP,12.0,BULLISH,0.1209,0.48,-0.051,HOLD,TRANSITIONAL,NONE,0.0,137.358,130.701,PARTIAL,0.95,"[deterministic] weighted_score=0.0322 → HOLD (thresholds: >=0.1 BUY, <=-0.1 SELL)",skipped,skipped,skipped,0.2904,False,False,0.08594999952063453
04/03/2023,132.4,1.6896428571428592,SELL,BEARISH,True,-0.26128192000000006,TIME,11.0,BEARISH,-0.5158,0.44,-0.051,HOLD,TRANSITIONAL,NONE,0.0,137.358,130.701,PARTIAL,0.95,"[deterministic] weighted_score=-0.2613 → SELL (thresholds: >=0.1 BUY, <=-0.1 SELL)",skipped,skipped,skipped,0.4554,True,True,0.2833999970909353
04/04/2023,131.718,1.598785714285717,SKIP,BEARISH,,0.0,QUALITY_GATE_SKIP,24.0,NEUTRAL,-0.0052,0.96,-0.051,HOLD,TRANSITIONAL,NONE,0.0,,,COHERENT,1.0,SKIP: weak signals — articles=24 |ce|=0.005 |tts|=0.051,skipped,skipped,skipped,0.6387,,,
04/05/2023,131.231,1.5349285714285739,HOLD,BULLISH,False,0.06749389,HOLD_SKIP,17.0,BULLISH,0.1693,0.68,-0.051,HOLD,TRANSITIONAL,NONE,0.0,137.358,130.701,PARTIAL,0.95,"[deterministic] weighted_score=0.0675 → HOLD (thresholds: >=0.1 BUY, <=-0.1 SELL)",skipped,skipped,skipped,0.4338,True,False,0.11014999950712524
04/06/2023,131.7,1.463714285714287,SELL,BULLISH,False,-0.1604664,SL,19.0,BEARISH,-0.255,0.76,-0.051,HOLD,TRANSITIONAL,NONE,0.0,136.132,130.701,PARTIAL,0.95,"[deterministic] weighted_score=-0.1605 → SELL (thresholds: >=0.1 BUY, <=-0.1 SELL)",skipped,skipped,skipped,0.5932,True,True,0.15299999926412716
04/07/2023,132.137,1.3753571428571425,HOLD,BULLISH,False,0.06175475000000003,HOLD_SKIP,32.0,NEUTRAL,-0.0373,1.0,0.255,BUY,TRANSITIONAL,NONE,0.0,134.962,130.701,PARTIAL,0.95,"[deterministic] weighted_score=0.0618 → HOLD (thresholds: >=0.1 BUY, <=-0.1 SELL)",skipped,skipped,skipped,0.7378,True,False,0.14615
04/10/2023,133.59,1.406642857142856,HOLD,BEARISH,False,-0.05948899999999998,HOLD_SKIP,75.0,BEARISH,-0.1238,1.0,0.051,HOLD,TRANSITIONAL,NONE,0.0,134.252,130.701,PARTIAL,0.95,"[deterministic] weighted_score=-0.0595 → HOLD (thresholds: >=0.1 BUY, <=-0.1 SELL)",skipped,skipped,skipped,2.0679,False,False,0.08739999981204805
04/11/2023,133.644,1.3219285714285698,HOLD,BEARISH,False,0.07404452,HOLD_SKIP,18.0,BULLISH,0.0986,0.72,0.051,HOLD,TRANSITIONAL,NONE,0.0,134.252,130.701,PARTIAL,0.95,"[deterministic] weighted_score=0.074 → HOLD (thresholds: >=0.1 BUY, <=-0.1 SELL)",skipped,skipped,skipped,0.4509,True,False,0.07479999988132162
04/12/2023,133.114,1.317928571428569,SELL,BULLISH,False,-0.10499874999999997,SL,47.0,BEARISH,-0.1975,1.0,0.051,HOLD,TRANSITIONAL,NONE,0.0,133.644,130.701,PARTIAL,0.95,"[deterministic] weighted_score=-0.105 → SELL (thresholds: >=0.1 BUY, <=-0.1 SELL)",skipped,skipped,skipped,1.2241,True,True,0.12424999988581675
04/13/2023,132.551,1.3218571428571428,BUY,BULLISH,True,0.10884149999999998,TIME,38.0,BULLISH,0.1488,1.0,0.051,HOLD,TRANSITIONAL,NONE,0.0,133.644,130.701,PARTIAL,0.95,"[deterministic] weighted_score=0.1088 → BUY (thresholds: >=0.1 BUY, <=-0.1 SELL)",skipped,skipped,skipped,0.9538,True,True,0.09989999986170651
04/14/2023,133.745,1.3495000000000001,BUY,BULLISH,True,0.14386762,TIME,11.0,BULLISH,0.2539,0.44,0.0561,HOLD,TRANSITIONAL,BREAKOUT_UP,0.0343,133.644,130.701,PARTIAL,0.95,"[deterministic] weighted_score=0.1439 → BUY (thresholds: >=0.1 BUY, <=-0.1 SELL)",skipped,skipped,skipped,0.2748,True,True,0.15502390406742245
04/17/2023,134.426,1.3267142857142866,BUY,BULLISH,True,0.11196281999999998,TIME,14.0,BULLISH,0.1488,0.56,0.0846,HOLD,TRANSITIONAL,BREAKOUT_UP,0.2237,133.745,130.701,PARTIAL,0.95,"[deterministic] weighted_score=0.112 → BUY (thresholds: >=0.1 BUY, <=-0.1 SELL)",skipped,skipped,skipped,0.4023,True,True,0.11667890923688523
04/18/2023,134.074,1.2328571428571422,SKIP,BULLISH,,0.0,QUALITY_GATE_SKIP,10.0,NEUTRAL,0.0141,0.4,0.051,HOLD,TRANSITIONAL,NONE,0.0,,,COHERENT,1.0,SKIP: weak signals — articles=10 |ce|=0.014 |tts|=0.051,skipped,skipped,skipped,0.2132,,,
04/19/2023,134.601,1.261571428571429,SELL,BEARISH,True,-0.16437527,TIME,19.0,BEARISH,-0.3417,0.76,0.058,HOLD,TRANSITIONAL,BREAKOUT_UP,0.047,134.426,130.701,PARTIAL,0.95,"[deterministic] weighted_score=-0.1644 → SELL (thresholds: >=0.1 BUY, <=-0.1 SELL)",skipped,skipped,skipped,0.5504,True,True,0.1998734898512035
04/20/2023,134.22,1.2573571428571435,BUY,BEARISH,False,0.14310799999999999,TIME,10.0,BULLISH,0.263,0.4,0.051,HOLD,TRANSITIONAL,NONE,0.0,134.601,130.701,PARTIAL,0.95,"[deterministic] weighted_score=0.1431 → BUY (thresholds: >=0.1 BUY, <=-0.1 SELL)",skipped,skipped,skipped,0.2597,True,True,0.15699999991165733
04/21/2023,134.096,1.2135714285714312,BUY,BEARISH,False,0.12300029999999998,TIME,24.0,BULLISH,0.174,0.96,0.051,HOLD,TRANSITIONAL,NONE,0.0,134.601,130.701,PARTIAL,0.95,"[deterministic] weighted_score=0.123 → BUY (thresholds: >=0.1 BUY, <=-0.1 SELL)",skipped,skipped,skipped,0.5472,True,True,0.11249999989730271
04/24/2023,134.186,1.155785714285715,HOLD,BEARISH,False,0.0583927,HOLD_SKIP,24.0,BULLISH,0.064,0.96,0.057,HOLD,RANGING,NONE,0.0,134.601,130.834,PARTIAL,0.95,"[deterministic] weighted_score=0.0584 → HOLD (thresholds: >=0.1 BUY, <=-0.1 SELL)",skipped,skipped,skipped,0.5708,False,False,0.06049999986739131
04/25/2023,133.73,1.147428571428573,HOLD,BULLISH,False,0.07946350999999999,HOLD_SKIP,19.0,BULLISH,0.1031,0.76,0.057,HOLD,RANGING,NONE,0.0,134.601,130.834,PARTIAL,0.95,"[deterministic] weighted_score=0.0795 → HOLD (thresholds: >=0.1 BUY, <=-0.1 SELL)",skipped,skipped,skipped,0.5964,True,False,0.08004999981288498
04/26/2023,133.624,1.133500000000002,HOLD,BULLISH,False,-0.03622159999999999,HOLD_SKIP,13.0,BEARISH,-0.131,0.52,0.057,HOLD,RANGING,NONE,0.0,134.601,131.231,PARTIAL,0.95,"[deterministic] weighted_score=-0.0362 → HOLD (thresholds: >=0.1 BUY, <=-0.1 SELL)",skipped,skipped,skipped,0.308,False,False,0.09399999970516218
04/27/2023,133.89,1.1420714285714308,SKIP,BULLISH,,0.0,QUALITY_GATE_SKIP,16.0,NEUTRAL,0.0225,0.64,0.057,HOLD,RANGING,NONE,0.0,,,COHERENT,1.0,SKIP: weak signals — articles=16 |ce|=0.022 |tts|=0.057,skipped,skipped,skipped,0.4591,,,
04/28/2023,136.24,1.2257142857142895,HOLD,BEARISH,False,0.07443725,HOLD_SKIP,42.0,BULLISH,0.1206,1.0,-0.0001,HOLD,RANGING,BREAKOUT_UP,0.4864,134.601,131.231,PARTIAL,0.95,"[deterministic] weighted_score=0.0744 → HOLD (thresholds: >=0.1 BUY, <=-0.1 SELL)",skipped,skipped,skipped,0.7779,True,False,0.06036086039836838
05/01/2023,137.465,1.264857142857147,HOLD,BEARISH,False,-0.06160731,HOLD_SKIP,23.0,BEARISH,-0.0601,0.92,-0.0728,HOLD,RANGING,BREAKOUT_UP,0.2446,136.24,131.231,PARTIAL,0.95,"[deterministic] weighted_score=-0.0616 → HOLD (thresholds: >=0.1 BUY, <=-0.1 SELL)",skipped,skipped,skipped,0.5841,True,False,0.06644696146064427
05/02/2023,136.523,1.2760714285714312,SKIP,BEARISH,,0.0,QUALITY_GATE_SKIP,8.0,BULLISH,0.1975,0.32,0.0206,HOLD,RANGING,NONE,0.0,,,PARTIAL,0.95,SKIP: weak signals — articles=8 |ce|=0.198 |tts|=0.021,skipped,skipped,skipped,0.2239,,,
05/03/2023,134.595,1.3230714285714302,HOLD,BEARISH,False,-0.016340000000000004,HOLD_SKIP,15.0,BEARISH,-0.083,0.6,0.057,HOLD,RANGING,NONE,0.0,137.465,131.231,PARTIAL,0.95,"[deterministic] weighted_score=-0.0163 → HOLD (thresholds: >=0.1 BUY, <=-0.1 SELL)",skipped,skipped,skipped,0.4445,False,False,0.0699999998682494
05/04/2023,134.233,1.3017857142857179,BUY,BULLISH,True,0.12988666,TIME,11.0,BULLISH,0.2224,0.44,0.057,HOLD,RANGING,NONE,0.0,137.465,131.7,PARTIAL,0.95,"[deterministic] weighted_score=0.1299 → BUY (thresholds: >=0.1 BUY, <=-0.1 SELL)",skipped,skipped,skipped,0.3787,True,True,0.13969999968244848
05/05/2023,134.819,1.3289285714285748,HOLD,BEARISH,False,-0.04847849999999998,HOLD_SKIP,25.0,BEARISH,-0.1092,1.0,0.057,HOLD,RANGING,NONE,0.0,137.465,132.137,PARTIAL,0.95,"[deterministic] weighted_score=-0.0485 → HOLD (thresholds: >=0.1 BUY, <=-0.1 SELL)",skipped,skipped,skipped,0.7142,False,False,0.08309999925610266
05/08/2023,135.054,1.315571428571433,BUY,BEARISH,False,0.15930264999999996,TIME,19.0,BULLISH,0.2485,0.76,0.057,HOLD,RANGING,NONE,0.0,137.465,132.551,PARTIAL,0.95,"[deterministic] weighted_score=0.1593 → BUY (thresholds: >=0.1 BUY, <=-0.1 SELL)",skipped,skipped,skipped,0.5302,True,True,0.15274999798928918
05/09/2023,135.205,1.276928571428574,HOLD,BEARISH,False,-0.08870776999999998,HOLD_SKIP,24.0,BEARISH,-0.1787,0.96,0.057,HOLD,RANGING,NONE,0.0,137.465,132.551,PARTIAL,0.95,"[deterministic] weighted_score=-0.0887 → HOLD (thresholds: >=0.1 BUY, <=-0.1 SELL)",skipped,skipped,skipped,0.6977,True,False,0.11784999056228929
05/10/2023,134.283,1.3058571428571457,HOLD,BULLISH,False,0.06123824999999996,HOLD_SKIP,31.0,BULLISH,0.2643,1.0,-0.285,SELL,RANGING,NONE,0.0,137.465,132.551,PARTIAL,0.85,"[deterministic] weighted_score=0.0612 → HOLD (thresholds: >=0.1 BUY, <=-0.1 SELL)",skipped,skipped,skipped,0.7345,True,False,0.27464999999999995
05/11/2023,134.51,1.317214285714286,SKIP,BULLISH,,0.0,QUALITY_GATE_SKIP,9.0,BEARISH,-0.1933,0.36,-0.057,HOLD,RANGING,NONE,0.0,,,PARTIAL,0.95,SKIP: weak signals — articles=9 |ce|=0.193 |tts|=0.057,skipped,skipped,skipped,0.2497,,,
05/12/2023,135.745,1.3551428571428576,SKIP,BULLISH,,0.0,QUALITY_GATE_SKIP,7.0,BEARISH,-0.1014,0.28,-0.057,HOLD,RANGING,NONE,0.0,,,PARTIAL,0.95,SKIP: weak signals — articles=7 |ce|=0.101 |tts|=0.057,skipped,skipped,skipped,0.256,,,
05/15/2023,136.078,1.3204285714285706,HOLD,BULLISH,False,0.07201964999999998,HOLD_SKIP,17.0,BEARISH,-0.0765,0.68,0.285,BUY,RANGING,NONE,0.0,137.465,133.624,PARTIAL,0.85,"[deterministic] weighted_score=0.072 → HOLD (thresholds: >=0.1 BUY, <=-0.1 SELL)",skipped,skipped,skipped,0.447,True,False,0.18075
05/16/2023,136.36,1.3269285714285712,SKIP,BULLISH,,0.0,QUALITY_GATE_SKIP,6.0,BEARISH,-0.1244,0.24,0.0557,HOLD,RANGING,NONE,0.0,,,PARTIAL,0.95,SKIP: weak signals — articles=6 |ce|=0.124 |tts|=0.056,skipped,skipped,skipped,0.1996,,,
05/17/2023,137.551,1.3571428571428572,SKIP,BULLISH,,0.0,QUALITY_GATE_SKIP,9.0,BEARISH,-0.3466,0.36,0.0036,HOLD,RANGING,NONE,0.0,,,PARTIAL,0.95,SKIP: weak signals — articles=9 |ce|=0.347 |tts|=0.004,skipped,skipped,skipped,0.292,,,
05/18/2023,138.671,1.2311428571428564,SKIP,BEARISH,,0.0,QUALITY_GATE_SKIP,7.0,BULLISH,0.1154,0.28,-0.0097,HOLD,TRANSITIONAL,NONE,0.0,,,PARTIAL,0.95,SKIP: weak signals — articles=7 |ce|=0.115 |tts|=0.010,skipped,skipped,skipped,0.1887,,,
05/19/2023,137.878,1.2218571428571425,HOLD,BULLISH,False,-0.04956435,HOLD_SKIP,17.0,BEARISH,-0.1077,0.68,0.0168,HOLD,TRANSITIONAL,NONE,0.0,138.671,133.624,PARTIAL,0.95,"[deterministic] weighted_score=-0.0496 → HOLD (thresholds: >=0.1 BUY, <=-0.1 SELL)",skipped,skipped,skipped,0.2904,False,False,0.062253829469651856
05/22/2023,138.564,1.2020714285714291,BUY,BULLISH,True,0.15314855,TIME,20.0,BULLISH,0.2781,0.8,-0.007,HOLD,TRANSITIONAL,NONE,0.0,138.671,133.624,PARTIAL,0.95,"[deterministic] weighted_score=0.1531 → BUY (thresholds: >=0.1 BUY, <=-0.1 SELL)",skipped,skipped,skipped,0.4784,True,True,0.14256467719560406
05/23/2023,138.524,1.1039999999999992,HOLD,BULLISH,False,0.025815869999999994,HOLD_SKIP,11.0,BULLISH,0.061,0.44,-0.0043,HOLD,TRANSITIONAL,NONE,0.0,138.671,133.624,PARTIAL,0.95,"[deterministic] weighted_score=0.0258 → HOLD (thresholds: >=0.1 BUY, <=-0.1 SELL)",skipped,skipped,skipped,0.2216,False,False,0.03266297049921821
05/24/2023,139.353,1.0946428571428544,SELL,BULLISH,False,-0.108414,SL,10.0,BEARISH,-0.2286,0.4,-0.0126,HOLD,TRANSITIONAL,BREAKOUT_UP,0.1351,138.671,133.624,PARTIAL,0.95,"[deterministic] weighted_score=-0.1084 → SELL (thresholds: >=0.1 BUY, <=-0.1 SELL)",skipped,skipped,skipped,0.2558,True,True,0.12058959011870221
05/25/2023,140.055,1.1069285714285684,SELL,BULLISH,False,-0.25948109999999996,TIME,10.0,BEARISH,-0.541,0.4,-0.0356,HOLD,TRANSITIONAL,BREAKOUT_UP,0.1285,139.353,133.89,PARTIAL,0.95,"[deterministic] weighted_score=-0.2595 → SELL (thresholds: >=0.1 BUY, <=-0.1 SELL)",skipped,skipped,skipped,0.2661,True,True,0.28828416361273335
05/26/2023,140.595,1.1478571428571402,SKIP,BEARISH,,0.0,QUALITY_GATE_SKIP,11.0,NEUTRAL,0.0384,0.44,-0.0392,HOLD,TRENDING,NONE,0.0,,,COHERENT,1.0,SKIP: weak signals — articles=11 |ce|=0.038 |tts|=0.039,skipped,skipped,skipped,0.2873,,,
05/29/2023,140.367,1.1594285714285693,SKIP,BEARISH,,0.0,QUALITY_GATE_SKIP,3.0,BEARISH,-0.8902,0.12,-0.0468,HOLD,TRENDING,NONE,0.0,,,PARTIAL,0.95,SKIP: weak signals — articles=3 |ce|=0.890 |tts|=0.047,skipped,skipped,skipped,0.12,,,
05/30/2023,139.773,1.1589999999999958,SELL,BEARISH,True,-0.11000544,TIME,19.0,BEARISH,-0.1953,0.76,-0.0069,HOLD,TRENDING,NONE,0.0,140.595,134.233,PARTIAL,0.95,"[deterministic] weighted_score=-0.11 → SELL (thresholds: >=0.1 BUY, <=-0.1 SELL)",skipped,skipped,skipped,0.5646,True,True,0.10109567165330127
05/31/2023,139.299,1.1648571428571384,BUY,BULLISH,True,0.16080479000000003,TIME,17.0,BULLISH,0.2867,0.68,0.0234,HOLD,TRENDING,NONE,0.0,140.595,134.233,PARTIAL,0.95,"[deterministic] weighted_score=0.1608 → BUY (thresholds: >=0.1 BUY, <=-0.1 SELL)",skipped,skipped,skipped,0.4878,True,True,0.15503721026471076
06/01/2023,138.815,1.1752857142857107,HOLD,BULLISH,False,-0.09211199999999997,HOLD_SKIP,25.0,BEARISH,-0.1734,1.0,0.045,HOLD,TRENDING,NONE,0.0,140.595,134.233,PARTIAL,0.95,"[deterministic] weighted_score=-0.0921 → HOLD (thresholds: >=0.1 BUY, <=-0.1 SELL)",skipped,skipped,skipped,0.6798,True,False,0.10919999948190215
06/02/2023,139.947,1.235285714285711,HOLD,BEARISH,False,-0.029079499999999998,HOLD_SKIP,15.0,BEARISH,-0.0668,0.6,0.0102,HOLD,TRENDING,NONE,0.0,140.595,134.283,PARTIAL,0.95,"[deterministic] weighted_score=-0.0291 → HOLD (thresholds: >=0.1 BUY, <=-0.1 SELL)",skipped,skipped,skipped,0.5902,False,False,0.03848920941342254
06/05/2023,139.536,1.2482857142857102,HOLD,BEARISH,False,-0.04720101000000002,HOLD_SKIP,18.0,BULLISH,0.0794,0.72,-0.2315,SELL,TRENDING,NONE,0.0,140.595,134.283,PARTIAL,0.85,"[deterministic] weighted_score=-0.0472 → HOLD (thresholds: >=0.1 BUY, <=-0.1 SELL)",skipped,skipped,skipped,0.7964,False,False,0.15545785051306
06/06/2023,139.624,1.2112142857142811,SELL,BEARISH,True,-0.3551727,TIME,12.0,BEARISH,-0.6972,0.48,-0.0582,HOLD,TRENDING,NONE,0.0,140.595,134.283,PARTIAL,0.95,"[deterministic] weighted_score=-0.3552 → SELL (thresholds: >=0.1 BUY, <=-0.1 SELL)",skipped,skipped,skipped,0.3143,True,True,0.3777174465835465
06/07/2023,140.13,1.1941428571428523,SKIP,BEARISH,,0.0,QUALITY_GATE_SKIP,10.0,NEUTRAL,-0.0241,0.4,-0.0781,HOLD,TRENDING,NONE,0.0,,,COHERENT,1.0,SKIP: weak signals — articles=10 |ce|=0.024 |tts|=0.078,skipped,skipped,skipped,0.3187,,,
06/08/2023,138.887,1.2056428571428504,BUY,BULLISH,True,0.13624310999999997,TIME,11.0,BULLISH,0.3459,0.44,-0.045,HOLD,TRENDING,NONE,0.0,140.595,134.51,PARTIAL,0.95,"[deterministic] weighted_score=0.1362 → BUY (thresholds: >=0.1 BUY, <=-0.1 SELL)",skipped,skipped,skipped,0.4217,True,True,0.19544999984819433
06/09/2023,139.355,1.1893571428571355,SKIP,BULLISH,,0.0,QUALITY_GATE_SKIP,12.0,NEUTRAL,-0.0353,0.48,-0.045,HOLD,TRENDING,NONE,0.0,,,COHERENT,1.0,SKIP: weak signals — articles=12 |ce|=0.035 |tts|=0.045,skipped,skipped,skipped,0.234,,,
06/12/2023,139.592,1.1926428571428491,HOLD,BULLISH,False,0.04789899999999999,HOLD_SKIP,31.0,BULLISH,0.1018,1.0,-0.045,HOLD,TRENDING,NONE,0.0,140.595,136.078,PARTIAL,0.95,"[deterministic] weighted_score=0.0479 → HOLD (thresholds: >=0.1 BUY, <=-0.1 SELL)",skipped,skipped,skipped,0.7832,False,False,0.07339999987605808
06/13/2023,140.2,1.196785714285708,BUY,BULLISH,True,0.15631489999999998,TIME,21.0,BULLISH,0.3122,0.84,-0.0588,HOLD,TRENDING,NONE,0.0,140.595,136.36,PARTIAL,0.95,"[deterministic] weighted_score=0.1563 → BUY (thresholds: >=0.1 BUY, <=-0.1 SELL)",skipped,skipped,skipped,0.5144,True,True,0.1854779325429435
06/14/2023,140.033,1.1671428571428513,HOLD,BULLISH,False,-0.09548431,HOLD_SKIP,12.0,BEARISH,-0.1545,0.48,-0.0478,HOLD,TRENDING,NONE,0.0,140.595,137.551,PARTIAL,0.95,"[deterministic] weighted_score=-0.0955 → HOLD (thresholds: >=0.1 BUY, <=-0.1 SELL)",skipped,skipped,skipped,0.7682,True,False,0.10114922387660696
06/15/2023,140.257,1.1910714285714212,HOLD,BULLISH,False,-0.05986994999999999,HOLD_SKIP,23.0,BEARISH,-0.0662,0.92,-0.0577,HOLD,TRENDING,NONE,0.0,140.595,137.878,PARTIAL,0.95,"[deterministic] weighted_score=-0.0599 → HOLD (thresholds: >=0.1 BUY, <=-0.1 SELL)",skipped,skipped,skipped,1.2125,False,False,0.06194258166661578
06/16/2023,141.825,1.2812142857142785,HOLD,BEARISH,False,0.04112074999999999,HOLD_SKIP,36.0,BULLISH,0.0863,1.0,-0.0366,HOLD,TRENDING,BREAKOUT_UP,0.4527,140.595,137.878,PARTIAL,0.95,"[deterministic] weighted_score=0.0411 → HOLD (thresholds: >=0.1 BUY, <=-0.1 SELL)",skipped,skipped,skipped,1.1003,False,False,0.06145093662767826
06/19/2023,141.914,1.2246428571428518,BUY,BULLISH,True,0.2040318,TIME,12.0,BULLISH,0.2393,0.48,0.1696,BUY,TRENDING,BREAKOUT_UP,0.027,141.825,138.524,COHERENT,1.0,"[deterministic] weighted_score=0.204 → BUY (thresholds: >=0.1 BUY, <=-0.1 SELL)",skipped,skipped,skipped,0.3873,True,True,0.204429043401535
06/20/2023,141.375,1.2157857142857114,SKIP,BULLISH,,0.0,QUALITY_GATE_SKIP,5.0,BEARISH,-0.1817,0.2,0.0092,HOLD,TRENDING,NONE,0.0,,,PARTIAL,0.95,SKIP: weak signals — articles=5 |ce|=0.182 |tts|=0.009,skipped,skipped,skipped,0.1491,,,
06/21/2023,141.838,1.1864285714285683,SKIP,BULLISH,,0.0,QUALITY_GATE_SKIP,17.0,NEUTRAL,-0.0466,0.68,-0.0084,HOLD,TRENDING,NONE,0.0,,,COHERENT,1.0,SKIP: weak signals — articles=17 |ce|=0.047 |tts|=0.008,skipped,skipped,skipped,0.4649,,,
06/22/2023,143.072,1.1971428571428544,HOLD,BULLISH,False,-0.057075429999999996,HOLD_SKIP,22.0,BEARISH,-0.113,0.88,0.0241,HOLD,TRENDING,BREAKOUT_UP,0.3737,141.914,138.815,PARTIAL,0.95,"[deterministic] weighted_score=-0.0571 → HOLD (thresholds: >=0.1 BUY, <=-0.1 SELL)",skipped,skipped,skipped,0.5359,False,False,0.0685680816523915
06/23/2023,143.655,1.195999999999998,SELL,BULLISH,False,-0.14978117999999999,TIME,12.0,BEARISH,-0.2703,0.48,-0.0477,HOLD,TRENDING,BREAKOUT_UP,0.137,143.072,138.815,PARTIAL,0.95,"[deterministic] weighted_score=-0.1498 → SELL (thresholds: >=0.1 BUY, <=-0.1 SELL)",skipped,skipped,skipped,0.3139,True,True,0.15899895584583718
06/26/2023,143.456,1.1873571428571421,BUY,BULLISH,True,0.16159898999999997,TIME,11.0,BULLISH,0.4074,0.44,-0.0507,HOLD,TRENDING,NONE,0.0,143.655,138.815,PARTIAL,0.95,"[deterministic] weighted_score=0.1616 → BUY (thresholds: >=0.1 BUY, <=-0.1 SELL)",skipped,skipped,skipped,0.3306,True,True,0.22904908375595076
06/27/2023,144.038,1.163714285714286,SKIP,BULLISH,,0.0,QUALITY_GATE_SKIP,6.0,BEARISH,-0.3432,0.24,-0.0482,HOLD,TRENDING,NONE,0.0,,,PARTIAL,0.95,SKIP: weak signals — articles=6 |ce|=0.343 |tts|=0.048,skipped,skipped,skipped,0.1908,,,
06/28/2023,144.373,1.1254285714285734,SELL,BULLISH,False,-0.15544014,TIME,16.0,BEARISH,-0.25,0.64,-0.0614,HOLD,TRENDING,BREAKOUT_UP,0.0641,144.038,138.815,PARTIAL,0.95,"[deterministic] weighted_score=-0.1554 → SELL (thresholds: >=0.1 BUY, <=-0.1 SELL)",skipped,skipped,skipped,0.4191,True,True,0.1557151775669193
06/29/2023,144.733,1.1112857142857158,SELL,BEARISH,True,-0.14966775,TIME,10.0,BEARISH,-0.2548,0.4,-0.0713,HOLD,TRENDING,BREAKOUT_UP,0.0648,144.373,138.815,PARTIAL,0.95,"[deterministic] weighted_score=-0.1497 → SELL (thresholds: >=0.1 BUY, <=-0.1 SELL)",skipped,skipped,skipped,0.2496,True,True,0.16306075171569412
06/30/2023,144.261,1.1221428571428618,SKIP,BULLISH,,0.0,QUALITY_GATE_SKIP,7.0,NEUTRAL,0.0498,0.28,-0.048,HOLD,TRENDING,NONE,0.0,,,COHERENT,1.0,SKIP: weak signals — articles=7 |ce|=0.050 |tts|=0.048,skipped,skipped,skipped,0.2007,,,
07/03/2023,144.655,1.0953571428571476,SKIP,BEARISH,,0.0,QUALITY_GATE_SKIP,8.0,BEARISH,-0.2948,0.32,-0.0609,HOLD,TRENDING,NONE,0.0,,,PARTIAL,0.95,SKIP: weak signals — articles=8 |ce|=0.295 |tts|=0.061,skipped,skipped,skipped,0.2764,,,
07/04/2023,144.44,1.060214285714289,SKIP,BEARISH,,0.0,QUALITY_GATE_SKIP,7.0,NEUTRAL,0.0207,0.28,-0.0425,HOLD,TRENDING,NONE,0.0,,,COHERENT,1.0,SKIP: weak signals — articles=7 |ce|=0.021 |tts|=0.043,skipped,skipped,skipped,0.2069,,,
07/05/2023,144.546,0.9957142857142917,SELL,BEARISH,True,-0.29825078999999993,TP,18.0,BEARISH,-0.5191,0.72,-0.0464,HOLD,TRENDING,NONE,0.0,144.733,138.887,PARTIAL,0.95,"[deterministic] weighted_score=-0.2983 → SELL (thresholds: >=0.1 BUY, <=-0.1 SELL)",skipped,skipped,skipped,0.4582,True,True,0.28274915824134184
07/06/2023,144.041,0.9264285714285775,SELL,BEARISH,True,-0.397763,TP,15.0,BEARISH,-0.5233,0.6,-0.2562,SELL,TRENDING,NONE,0.0,144.733,138.887,COHERENT,1.0,"[deterministic] weighted_score=-0.3978 → SELL (thresholds: >=0.1 BUY, <=-0.1 SELL)",skipped,skipped,skipped,0.516,True,True,0.3897630501752445
07/07/2023,142.083,1.0388571428571478,HOLD,BEARISH,False,-0.06788224999999999,HOLD_SKIP,34.0,BEARISH,-0.0857,1.0,-0.045,HOLD,TRENDING,NONE,0.0,144.733,139.355,PARTIAL,0.95,"[deterministic] weighted_score=-0.0679 → HOLD (thresholds: >=0.1 BUY, <=-0.1 SELL)",skipped,skipped,skipped,1.1248,True,False,0.06534999989276094
07/10/2023,141.319,1.0893571428571474,HOLD,BEARISH,False,-0.09106434,HOLD_SKIP,17.0,BEARISH,-0.1368,0.68,-0.045,HOLD,TRENDING,NONE,0.0,144.733,139.592,PARTIAL,0.95,"[deterministic] weighted_score=-0.0911 → HOLD (thresholds: >=0.1 BUY, <=-0.1 SELL)",skipped,skipped,skipped,0.4237,True,False,0.09089999994049329
07/11/2023,140.343,1.1044285714285766,SKIP,BEARISH,,0.0,QUALITY_GATE_SKIP,9.0,BEARISH,-0.1198,0.36,-0.045,HOLD,TRENDING,NONE,0.0,,,PARTIAL,0.95,SKIP: weak signals — articles=9 |ce|=0.120 |tts|=0.045,skipped,skipped,skipped,0.2583,,,
07/12/2023,138.414,1.1460000000000048,BUY,BEARISH,False,0.13753511,SL,18.0,BULLISH,0.2942,0.72,-0.0501,HOLD,TRENDING,BREAKOUT_DOWN,0.3445,144.733,140.033,PARTIAL,0.95,"[deterministic] weighted_score=0.1375 → BUY (thresholds: >=0.1 BUY, <=-0.1 SELL)",skipped,skipped,skipped,0.6812,True,True,0.1721636993951394
07/13/2023,138.057,1.1345714285714317,SKIP,BULLISH,,0.0,QUALITY_GATE_SKIP,8.0,BEARISH,-0.3177,0.32,0.0256,HOLD,TRENDING,NONE,0.0,,,PARTIAL,0.95,SKIP: weak signals — articles=8 |ce|=0.318 |tts|=0.026,skipped,skipped,skipped,0.258,,,
07/14/2023,138.743,1.2158571428571463,SKIP,BULLISH,,0.0,QUALITY_GATE_SKIP,21.0,NEUTRAL,0.0278,0.84,-0.014,HOLD,TRENDING,NONE,0.0,,,COHERENT,1.0,SKIP: weak signals — articles=21 |ce|=0.028 |tts|=0.014,skipped,skipped,skipped,0.7305,,,
07/17/2023,138.698,1.253071428571431,SELL,BULLISH,False,-0.13577874999999998,SL,10.0,BEARISH,-0.29,0.4,-0.0125,HOLD,TRENDING,NONE,0.0,144.733,138.057,PARTIAL,0.95,"[deterministic] weighted_score=-0.1358 → SELL (thresholds: >=0.1 BUY, <=-0.1 SELL)",skipped,skipped,skipped,0.2803,True,True,0.1512370199470609
07/18/2023,138.81,1.2935000000000005,HOLD,BULLISH,False,0.027473620000000004,HOLD_SKIP,17.0,BULLISH,0.0679,0.68,-0.0195,HOLD,TRENDING,NONE,0.0,144.733,138.057,PARTIAL,0.95,"[deterministic] weighted_score=0.0275 → HOLD (thresholds: >=0.1 BUY, <=-0.1 SELL)",skipped,skipped,skipped,0.4261,False,False,0.043720710504108404
07/19/2023,139.592,1.327214285714287,SKIP,BULLISH,,0.0,QUALITY_GATE_SKIP,4.0,BEARISH,-0.8396,0.16,-0.045,HOLD,TRENDING,NONE,0.0,,,PARTIAL,0.95,SKIP: weak signals — articles=4 |ce|=0.840 |tts|=0.045,skipped,skipped,skipped,0.1435,,,
07/20/2023,140.036,1.3645714285714274,SELL,BULLISH,False,-0.13324719,SL,14.0,BEARISH,-0.2289,0.56,-0.045,HOLD,TRENDING,NONE,0.0,144.733,138.057,PARTIAL,0.95,"[deterministic] weighted_score=-0.1332 → SELL (thresholds: >=0.1 BUY, <=-0.1 SELL)",skipped,skipped,skipped,0.3605,True,True,0.13694999995293075
07/21/2023,141.77,1.4560714285714258,HOLD,BEARISH,False,0.046615739999999996,HOLD_SKIP,17.0,BULLISH,0.1248,0.68,-0.045,HOLD,TRENDING,NONE,0.0,144.733,138.057,PARTIAL,0.95,"[deterministic] weighted_score=0.0466 → HOLD (thresholds: >=0.1 BUY, <=-0.1 SELL)",skipped,skipped,skipped,0.4304,False,False,0.08489999991082323
07/24/2023,141.442,1.496142857142855,SKIP,BEARISH,,0.0,QUALITY_GATE_SKIP,23.0,NEUTRAL,0.0196,0.92,-0.045,HOLD,TRENDING,NONE,0.0,,,COHERENT,1.0,SKIP: weak signals — articles=23 |ce|=0.020 |tts|=0.045,skipped,skipped,skipped,0.6421,,,
07/25/2023,140.91,1.512214285714281,SKIP,BEARISH,,0.0,QUALITY_GATE_SKIP,8.0,BULLISH,0.1739,0.32,-0.045,HOLD,TRENDING,NONE,0.0,,,PARTIAL,0.95,SKIP: weak signals — articles=8 |ce|=0.174 |tts|=0.045,skipped,skipped,skipped,0.2201,,,
07/26/2023,140.194,1.523999999999997,HOLD,BULLISH,False,-0.04684165,HOLD_SKIP,20.0,BEARISH,-0.0523,0.8,-0.045,HOLD,TRENDING,NONE,0.0,144.733,138.057,PARTIAL,0.95,"[deterministic] weighted_score=-0.0468 → HOLD (thresholds: >=0.1 BUY, <=-0.1 SELL)",skipped,skipped,skipped,0.9239,False,False,0.04864999965132319
07/27/2023,139.416,1.5535714285714266,SKIP,BULLISH,,0.0,QUALITY_GATE_SKIP,14.0,NEUTRAL,-0.0039,0.56,-0.045,HOLD,TRENDING,NONE,0.0,,,COHERENT,1.0,SKIP: weak signals — articles=14 |ce|=0.004 |tts|=0.045,skipped,skipped,skipped,0.3785,,,
07/28/2023,141.14,1.650428571428569,HOLD,BULLISH,False,0.022581499999999987,HOLD_SKIP,34.0,BULLISH,0.0608,1.0,-0.045,HOLD,TRENDING,NONE,0.0,144.655,138.057,PARTIAL,0.95,"[deterministic] weighted_score=0.0226 → HOLD (thresholds: >=0.1 BUY, <=-0.1 SELL)",skipped,skipped,skipped,1.0981,False,False,0.05289999908492442
07/31/2023,142.25,1.699142857142854,HOLD,BULLISH,False,0.03798650000000002,HOLD_SKIP,27.0,BEARISH,-0.0524,1.0,0.225,BUY,TRENDING,NONE,0.0,144.655,138.057,PARTIAL,0.85,"[deterministic] weighted_score=0.038 → HOLD (thresholds: >=0.1 BUY, <=-0.1 SELL)",skipped,skipped,skipped,0.8593,False,False,0.1387
08/01/2023,142.76,1.6377857142857104,BUY,BEARISH,False,0.11098412999999999,TIME,18.0,BULLISH,0.1719,0.72,0.045,HOLD,TRENDING,NONE,0.0,144.546,138.057,PARTIAL,0.95,"[deterministic] weighted_score=0.111 → BUY (thresholds: >=0.1 BUY, <=-0.1 SELL)",skipped,skipped,skipped,0.509,True,True,0.10844999989480356
08/02/2023,143.288,1.65285714285714,BUY,BEARISH,False,0.32445824999999995,SL,25.0,BULLISH,0.5067,1.0,0.0348,HOLD,TRENDING,NONE,0.0,144.546,138.057,PARTIAL,0.95,"[deterministic] weighted_score=0.3245 → BUY (thresholds: >=0.1 BUY, <=-0.1 SELL)",skipped,skipped,skipped,0.571,True,True,0.2707610845302652
08/03/2023,142.511,1.6466428571428529,HOLD,BEARISH,False,0.06339919999999999,HOLD_SKIP,12.0,BULLISH,0.089,0.48,0.045,HOLD,TRENDING,NONE,0.0,144.041,138.057,PARTIAL,0.95,"[deterministic] weighted_score=0.0634 → HOLD (thresholds: >=0.1 BUY, <=-0.1 SELL)",skipped,skipped,skipped,0.2978,True,False,0.06699999992468028
08/04/2023,141.71,1.6422142857142805,SELL,BULLISH,False,-0.15272789,SL,23.0,BEARISH,-0.2837,0.92,0.045,HOLD,TRENDING,NONE,0.0,143.288,138.057,PARTIAL,0.95,"[deterministic] weighted_score=-0.1527 → SELL (thresholds: >=0.1 BUY, <=-0.1 SELL)",skipped,skipped,skipped,0.5194,True,True,0.1643499999009028
08/07/2023,142.485,1.614857142857139,HOLD,BULLISH,False,-0.03332866000000001,HOLD_SKIP,14.0,BEARISH,-0.1096,0.56,0.045,HOLD,TRENDING,NONE,0.0,143.288,138.057,PARTIAL,0.95,"[deterministic] weighted_score=-0.0333 → HOLD (thresholds: >=0.1 BUY, <=-0.1 SELL)",skipped,skipped,skipped,0.3977,False,False,0.07729999989721424
08/08/2023,143.34,1.6054999999999962,SELL,BULLISH,False,-0.11951474999999999,SL,13.0,BEARISH,-0.295,0.52,0.0475,HOLD,TRENDING,BREAKOUT_UP,0.0099,143.288,138.057,PARTIAL,0.95,"[deterministic] weighted_score=-0.1195 → SELL (thresholds: >=0.1 BUY, <=-0.1 SELL)",skipped,skipped,skipped,0.3369,True,True,0.17124259215031398
08/09/2023,143.673,1.5604999999999964,SKIP,BULLISH,,0.0,QUALITY_GATE_SKIP,6.0,BULLISH,0.2151,0.24,0.0547,HOLD,TRENDING,NONE,0.0,,,PARTIAL,0.95,SKIP: weak signals — articles=6 |ce|=0.215 |tts|=0.055,skipped,skipped,skipped,0.193,,,
08/10/2023,144.68,1.5127142857142835,SELL,BULLISH,False,-0.13158354999999997,TIME,10.0,BEARISH,-0.353,0.4,0.0517,HOLD,TRENDING,BREAKOUT_UP,0.1793,143.673,138.057,PARTIAL,0.95,"[deterministic] weighted_score=-0.1316 → SELL (thresholds: >=0.1 BUY, <=-0.1 SELL)",skipped,skipped,skipped,0.2589,True,True,0.20234897865160456
08/11/2023,144.93,1.4779999999999984,SKIP,BULLISH,,0.0,QUALITY_GATE_SKIP,8.0,BULLISH,0.7591,0.32,0.0098,HOLD,TRENDING,NONE,0.0,,,PARTIAL,0.95,SKIP: weak signals — articles=8 |ce|=0.759 |tts|=0.010,skipped,skipped,skipped,0.2338,,,
08/14/2023,145.534,1.4810000000000005,HOLD,BULLISH,False,0.08756529999999998,HOLD_SKIP,10.0,BULLISH,0.1898,0.4,0.0056,HOLD,TRENDING,BREAKOUT_UP,0.0969,144.93,138.698,PARTIAL,0.95,"[deterministic] weighted_score=0.0876 → HOLD (thresholds: >=0.1 BUY, <=-0.1 SELL)",skipped,skipped,skipped,0.3071,True,False,0.09768296398901503
08/15/2023,145.543,1.445214285714286,SKIP,BULLISH,,0.0,QUALITY_GATE_SKIP,7.0,BEARISH,-0.4068,0.28,-0.0186,HOLD,TRENDING,NONE,0.0,,,PARTIAL,0.95,SKIP: weak signals — articles=7 |ce|=0.407 |tts|=0.019,skipped,skipped,skipped,0.2209,,,
08/16/2023,146.248,1.3412857142857157,SKIP,BEARISH,,0.0,QUALITY_GATE_SKIP,9.0,BEARISH,-0.239,0.36,-0.0112,HOLD,TRENDING,NONE,0.0,,,PARTIAL,0.95,SKIP: weak signals — articles=9 |ce|=0.239 |tts|=0.011,skipped,skipped,skipped,0.2646,,,
08/17/2023,145.803,1.1856428571428583,SKIP,BEARISH,,0.0,QUALITY_GATE_SKIP,8.0,BULLISH,0.5662,0.32,-0.0106,HOLD,TRENDING,NONE,0.0,,,PARTIAL,0.95,SKIP: weak signals — articles=8 |ce|=0.566 |tts|=0.011,skipped,skipped,skipped,0.2752,,,
08/18/2023,145.38,1.1082142857142867,HOLD,BULLISH,False,0.048051949999999996,HOLD_SKIP,11.0,BULLISH,0.0871,0.44,0.0166,HOLD,TRENDING,NONE,0.0,146.248,139.416,PARTIAL,0.95,"[deterministic] weighted_score=0.0481 → HOLD (thresholds: >=0.1 BUY, <=-0.1 SELL)",skipped,skipped,skipped,0.3075,False,False,0.05184693371448372
08/21/2023,146.202,1.1025714285714312,SKIP,BEARISH,,0.0,QUALITY_GATE_SKIP,4.0,BEARISH,-0.5945,0.16,-0.0118,HOLD,TRENDING,NONE,0.0,,,PARTIAL,0.95,SKIP: weak signals — articles=4 |ce|=0.595 |tts|=0.012,skipped,skipped,skipped,0.142,,,
08/22/2023,145.858,1.0784285714285744,HOLD,BEARISH,False,-0.09936714999999999,HOLD_SKIP,10.0,BEARISH,-0.2345,0.4,0.0106,HOLD,TRENDING,NONE,0.0,146.248,139.416,PARTIAL,0.95,"[deterministic] weighted_score=-0.0994 → HOLD (thresholds: >=0.1 BUY, <=-0.1 SELL)",skipped,skipped,skipped,0.3253,True,False,0.12253838837904313
08/23/2023,144.787,1.0437142857142894,SKIP,BULLISH,,0.0,QUALITY_GATE_SKIP,9.0,BULLISH,0.062,0.36,0.045,HOLD,TRENDING,NONE,0.0,,,PARTIAL,0.95,SKIP: weak signals — articles=9 |ce|=0.062 |tts|=0.045,skipped,skipped,skipped,0.2506,,,
08/24/2023,145.826,1.0453571428571462,SKIP,BULLISH,,0.0,QUALITY_GATE_SKIP,8.0,BEARISH,-0.225,0.32,0.0341,HOLD,TRENDING,NONE,0.0,,,PARTIAL,0.95,SKIP: weak signals — articles=8 |ce|=0.225 |tts|=0.034,skipped,skipped,skipped,0.2353,,,
08/25/2023,146.404,1.0342142857142886,SELL,BULLISH,False,-0.11508299999999998,TIME,27.0,BEARISH,-0.198,1.0,0.0216,HOLD,TRENDING,BREAKOUT_UP,0.0305,146.248,141.14,PARTIAL,0.95,"[deterministic] weighted_score=-0.1151 → SELL (thresholds: >=0.1 BUY, <=-0.1 SELL)",skipped,skipped,skipped,0.6705,True,True,0.10979509567111427
08/28/2023,146.528,0.9889285714285754,SKIP,BEARISH,,0.0,QUALITY_GATE_SKIP,8.0,BULLISH,0.3166,0.32,0.0163,HOLD,TRENDING,NONE,0.0,,,PARTIAL,0.95,SKIP: weak signals — articles=8 |ce|=0.317 |tts|=0.016,skipped,skipped,skipped,0.1888,,,
08/29/2023,145.907,1.0567857142857195,HOLD,BEARISH,False,-0.07693195000000001,HOLD_SKIP,15.0,BEARISH,-0.1927,0.6,0.045,HOLD,TRENDING,NONE,0.0,146.528,141.71,PARTIAL,0.95,"[deterministic] weighted_score=-0.0769 → HOLD (thresholds: >=0.1 BUY, <=-0.1 SELL)",skipped,skipped,skipped,0.3868,True,False,0.11884999614699486
08/30/2023,146.162,1.0167857142857193,SELL,BEARISH,True,-0.1697162,TIME,23.0,BEARISH,-0.1337,0.92,-0.23,SELL,TRENDING,NONE,0.0,146.528,141.71,COHERENT,1.0,"[deterministic] weighted_score=-0.1697 → SELL (thresholds: >=0.1 BUY, <=-0.1 SELL)",skipped,skipped,skipped,0.566,True,True,0.18185498485625554
08/31/2023,145.506,1.0380714285714336,SKIP,BULLISH,,0.0,QUALITY_GATE_SKIP,21.0,NEUTRAL,0.0494,0.84,-0.045,HOLD,TRENDING,NONE,0.0,,,COHERENT,1.0,SKIP: weak signals — articles=21 |ce|=0.049 |tts|=0.045,skipped,skipped,skipped,0.5342,,,
09/01/2023,146.193,1.1040714285714341,SELL,BULLISH,False,-0.14494624999999997,SL,39.0,BEARISH,-0.2105,1.0,-0.045,HOLD,TRENDING,NONE,0.0,146.528,141.71,PARTIAL,0.95,"[deterministic] weighted_score=-0.1449 → SELL (thresholds: >=0.1 BUY, <=-0.1 SELL)",skipped,skipped,skipped,1.8212,True,True,0.12774999976415208
09/04/2023,146.451,1.0835000000000048,SKIP,BULLISH,,0.0,QUALITY_GATE_SKIP,14.0,NEUTRAL,0.0463,0.56,-0.0531,HOLD,TRENDING,NONE,0.0,,,COHERENT,1.0,SKIP: weak signals — articles=14 |ce|=0.046 |tts|=0.053,skipped,skipped,skipped,0.533,,,
09/05/2023,147.676,1.101857142857146,SKIP,BEARISH,,0.0,QUALITY_GATE_SKIP,4.0,BEARISH,-0.3958,0.16,-0.0214,HOLD,TRENDING,NONE,0.0,,,PARTIAL,0.95,SKIP: weak signals — articles=4 |ce|=0.396 |tts|=0.021,skipped,skipped,skipped,0.1442,,,
09/06/2023,147.608,1.091857142857147,HOLD,BEARISH,False,0.05748849,HOLD_SKIP,18.0,NEUTRAL,-0.0377,0.72,0.1886,BUY,TRENDING,NONE,0.0,147.676,143.673,PARTIAL,0.95,"[deterministic] weighted_score=0.0575 → HOLD (thresholds: >=0.1 BUY, <=-0.1 SELL)",skipped,skipped,skipped,0.7372,False,False,0.11313401316176405
09/07/2023,147.273,1.0860714285714315,HOLD,BEARISH,False,-0.041109539999999986,HOLD_SKIP,18.0,BEARISH,-0.0911,0.72,0.0191,HOLD,TRENDING,NONE,0.0,147.676,144.68,PARTIAL,0.95,"[deterministic] weighted_score=-0.0411 → HOLD (thresholds: >=0.1 BUY, <=-0.1 SELL)",skipped,skipped,skipped,0.4684,False,False,0.055091042373577544
09/08/2023,147.81,1.0877142857142883,SKIP,BEARISH,,0.0,QUALITY_GATE_SKIP,10.0,NEUTRAL,0.0258,0.4,0.0098,HOLD,TRENDING,NONE,0.0,,,COHERENT,1.0,SKIP: weak signals — articles=10 |ce|=0.026 |tts|=0.010,skipped,skipped,skipped,0.2894,,,
09/11/2023,146.547,1.1592142857142886,HOLD,BULLISH,False,0.020191749999999963,HOLD_SKIP,25.0,BULLISH,0.1577,1.0,-0.225,SELL,TRENDING,NONE,0.0,147.81,144.787,PARTIAL,0.85,"[deterministic] weighted_score=0.0202 → HOLD (thresholds: >=0.1 BUY, <=-0.1 SELL)",skipped,skipped,skipped,0.5684,False,False,0.19135
09/12/2023,147.107,1.1218571428571462,HOLD,BULLISH,False,-0.08717409,HOLD_SKIP,23.0,BEARISH,-0.1197,0.92,-0.045,HOLD,TRENDING,NONE,0.0,147.81,144.787,PARTIAL,0.95,"[deterministic] weighted_score=-0.0872 → HOLD (thresholds: >=0.1 BUY, <=-0.1 SELL)",skipped,skipped,skipped,0.4904,True,False,0.08234999967463622
09/13/2023,147.367,1.0760000000000056,SKIP,BULLISH,,0.0,QUALITY_GATE_SKIP,7.0,BULLISH,0.3574,0.28,-0.0465,HOLD,TRENDING,NONE,0.0,,,PARTIAL,0.95,SKIP: weak signals — articles=7 |ce|=0.357 |tts|=0.046,skipped,skipped,skipped,0.1616,,,
09/14/2023,147.42,1.050142857142863,SKIP,BULLISH,,0.0,QUALITY_GATE_SKIP,4.0,NEUTRAL,-0.034,0.16,-0.0488,HOLD,TRENDING,NONE,0.0,,,COHERENT,1.0,SKIP: weak signals — articles=4 |ce|=0.034 |tts|=0.049,skipped,skipped,skipped,0.1204,,,
09/15/2023,147.835,1.0600000000000043,SKIP,BULLISH,,0.0,QUALITY_GATE_SKIP,4.0,BEARISH,-0.095,0.16,-0.0649,HOLD,TRENDING,NONE,0.0,,,PARTIAL,0.95,SKIP: weak signals — articles=4 |ce|=0.095 |tts|=0.065,skipped,skipped,skipped,0.2201,,,
09/18/2023,147.59,0.9613571428571451,SKIP,BULLISH,,0.0,QUALITY_GATE_SKIP,9.0,BEARISH,-0.1974,0.36,-0.0493,HOLD,TRENDING,NONE,0.0,,,PARTIAL,0.95,SKIP: weak signals — articles=9 |ce|=0.197 |tts|=0.049,skipped,skipped,skipped,0.2593,,,
09/19/2023,147.773,0.9219285714285722,SKIP,BULLISH,,0.0,QUALITY_GATE_SKIP,9.0,BEARISH,-0.4716,0.36,-0.058,HOLD,TRENDING,NONE,0.0,,,PARTIAL,0.95,SKIP: weak signals — articles=9 |ce|=0.472 |tts|=0.058,skipped,skipped,skipped,0.2448,,,
09/20/2023,148.192,0.9229999999999998,BUY,BEARISH,False,0.12466374999999998,TIME,36.0,BULLISH,0.228,1.0,-0.0485,HOLD,TRENDING,BREAKOUT_UP,0.1171,147.835,144.787,PARTIAL,0.95,"[deterministic] weighted_score=0.1247 → BUY (thresholds: >=0.1 BUY, <=-0.1 SELL)",skipped,skipped,skipped,0.6192,True,True,0.1382345927356683
09/21/2023,147.561,0.8719285714285689,SELL,BULLISH,False,-0.11160124999999997,SL,29.0,BEARISH,-0.1565,1.0,-0.045,HOLD,TRENDING,NONE,0.0,148.192,145.506,PARTIAL,0.95,"[deterministic] weighted_score=-0.1116 → SELL (thresholds: >=0.1 BUY, <=-0.1 SELL)",skipped,skipped,skipped,0.6407,True,True,0.10074999971767234
09/22/2023,148.36,0.9032142857142844,BUY,BULLISH,True,0.19296399999999997,TIME,42.0,BULLISH,0.3406,1.0,-0.0522,HOLD,TRENDING,BREAKOUT_UP,0.0625,148.192,145.506,PARTIAL,0.95,"[deterministic] weighted_score=0.193 → BUY (thresholds: >=0.1 BUY, <=-0.1 SELL)",skipped,skipped,skipped,1.0384,True,True,0.19641954643685025
09/25/2023,148.828,0.8577857142857133,HOLD,BULLISH,False,0.09588444999999998,HOLD_SKIP,20.0,BULLISH,0.2038,0.8,-0.0471,HOLD,TRENDING,BREAKOUT_UP,0.164,148.36,145.506,PARTIAL,0.95,"[deterministic] weighted_score=0.0959 → HOLD (thresholds: >=0.1 BUY, <=-0.1 SELL)",skipped,skipped,skipped,0.4084,True,False,0.1254691298206434
09/26/2023,149.0,0.834857142857142,HOLD,BULLISH,False,-0.06652338,HOLD_SKIP,22.0,BEARISH,-0.2559,0.88,0.2043,BUY,TRENDING,BREAKOUT_UP,0.0518,148.828,145.506,PARTIAL,0.85,"[deterministic] weighted_score=-0.0665 → HOLD (thresholds: >=0.1 BUY, <=-0.1 SELL)",skipped,skipped,skipped,0.4902,True,False,0.23010583421859027
09/27/2023,149.474,0.8360000000000005,SKIP,BEARISH,,0.0,QUALITY_GATE_SKIP,8.0,BEARISH,-0.129,0.32,0.0088,HOLD,TRENDING,NONE,0.0,,,PARTIAL,0.95,SKIP: weak signals — articles=8 |ce|=0.129 |tts|=0.009,skipped,skipped,skipped,0.2232,,,
09/28/2023,149.279,0.7737857142857142,SELL,BEARISH,True,-0.23849673999999996,SL,12.0,BEARISH,-0.4999,0.48,-0.0081,HOLD,TRENDING,NONE,0.0,149.474,145.506,PARTIAL,0.95,"[deterministic] weighted_score=-0.2385 → SELL (thresholds: >=0.1 BUY, <=-0.1 SELL)",skipped,skipped,skipped,0.2557,True,True,0.25402116207002495
09/29/2023,149.33,0.7074285714285712,SKIP,BEARISH,,0.0,QUALITY_GATE_SKIP,5.0,BEARISH,-0.6335,0.2,-0.0105,HOLD,TRENDING,NONE,0.0,,,PARTIAL,0.95,SKIP: weak signals — articles=5 |ce|=0.633 |tts|=0.011,skipped,skipped,skipped,0.1676,,,
10/02/2023,149.824,0.6877142857142827,HOLD,BEARISH,False,-0.041125499999999995,HOLD_SKIP,30.0,BEARISH,-0.0645,1.0,-0.0039,HOLD,TRENDING,BREAKOUT_UP,0.1158,149.474,146.451,PARTIAL,0.95,"[deterministic] weighted_score=-0.0411 → HOLD (thresholds: >=0.1 BUY, <=-0.1 SELL)",skipped,skipped,skipped,0.741,False,False,0.0341938750327174
10/03/2023,149.044,0.8410714285714249,BUY,BEARISH,False,0.13376456,TIME,11.0,BULLISH,0.2529,0.44,0.0365,HOLD,TRENDING,NONE,0.0,149.824,146.547,PARTIAL,0.95,"[deterministic] weighted_score=0.1338 → BUY (thresholds: >=0.1 BUY, <=-0.1 SELL)",skipped,skipped,skipped,0.2741,True,True,0.1447080340327156
10/04/2023,149.008,0.8434999999999978,HOLD,BEARISH,False,-0.09127695,HOLD_SKIP,16.0,NEUTRAL,0.0159,0.64,-0.2286,SELL,TRENDING,NONE,0.0,149.824,146.547,PARTIAL,0.95,"[deterministic] weighted_score=-0.0913 → HOLD (thresholds: >=0.1 BUY, <=-0.1 SELL)",skipped,skipped,skipped,0.4181,True,False,0.12227136399181913
10/05/2023,148.485,0.8610000000000001,SELL,BULLISH,False,-0.10619764999999998,SL,10.0,BEARISH,-0.1871,0.4,-0.045,HOLD,TRENDING,NONE,0.0,149.824,146.547,PARTIAL,0.95,"[deterministic] weighted_score=-0.1062 → SELL (thresholds: >=0.1 BUY, <=-0.1 SELL)",skipped,skipped,skipped,0.2443,True,True,0.11604999977939341
10/06/2023,149.274,0.9219285714285722,HOLD,BEARISH,False,0.05051036,HOLD_SKIP,23.0,BULLISH,0.1163,0.92,-0.0525,HOLD,TRENDING,NONE,0.0,149.824,146.547,PARTIAL,0.95,"[deterministic] weighted_score=0.0505 → HOLD (thresholds: >=0.1 BUY, <=-0.1 SELL)",skipped,skipped,skipped,0.5294,False,False,0.08440754819938238
10/09/2023,148.521,0.9516428571428597,SKIP,BULLISH,,0.0,QUALITY_GATE_SKIP,9.0,BEARISH,-0.2815,0.36,-0.045,HOLD,TRENDING,NONE,0.0,,,PARTIAL,0.95,SKIP: weak signals — articles=9 |ce|=0.281 |tts|=0.045,skipped,skipped,skipped,0.2289,,,
10/10/2023,148.672,0.954571428571433,SKIP,BULLISH,,0.0,QUALITY_GATE_SKIP,8.0,BEARISH,-0.2575,0.32,-0.045,HOLD,TRENDING,NONE,0.0,,,PARTIAL,0.95,SKIP: weak signals — articles=8 |ce|=0.258 |tts|=0.045,skipped,skipped,skipped,0.2171,,,
10/11/2023,149.07,0.9377142857142928,HOLD,BULLISH,False,0.003497899999999998,HOLD_SKIP,11.0,BULLISH,0.056,0.44,-0.045,HOLD,TRENDING,NONE,0.0,149.824,147.367,PARTIAL,0.95,"[deterministic] weighted_score=0.0035 → HOLD (thresholds: >=0.1 BUY, <=-0.1 SELL)",skipped,skipped,skipped,0.3376,False,False,0.050499999854129826
10/12/2023,149.76,0.9350714285714352,SKIP,BEARISH,,0.0,QUALITY_GATE_SKIP,7.0,BEARISH,-0.4376,0.28,-0.0649,HOLD,TRENDING,NONE,0.0,,,PARTIAL,0.95,SKIP: weak signals — articles=7 |ce|=0.438 |tts|=0.065,skipped,skipped,skipped,0.1819,,,
10/13/2023,149.515,0.9103571428571493,SKIP,BEARISH,,0.0,QUALITY_GATE_SKIP,6.0,BULLISH,0.5601,0.24,-0.045,HOLD,TRENDING,NONE,0.0,,,PARTIAL,0.95,SKIP: weak signals — articles=6 |ce|=0.560 |tts|=0.045,skipped,skipped,skipped,0.1832,,,
10/16/2023,149.526,0.9037857142857197,SKIP,BEARISH,,0.0,QUALITY_GATE_SKIP,6.0,NEUTRAL,0.0256,0.24,-0.0455,HOLD,TRENDING,NONE,0.0,,,COHERENT,1.0,SKIP: weak signals — articles=6 |ce|=0.026 |tts|=0.045,skipped,skipped,skipped,0.2033,,,
10/17/2023,149.77,0.9222857142857188,SKIP,NEUTRAL,,0.0,QUALITY_GATE_SKIP,9.0,BULLISH,0.4289,0.36,-0.0597,HOLD,TRENDING,NONE,0.0,,,PARTIAL,0.95,SKIP: weak signals — articles=9 |ce|=0.429 |tts|=0.060,skipped,skipped,skipped,0.2584,,,
10/18/2023,149.782,0.9250714285714342,SELL,NEUTRAL,False,-0.13229795000000003,TIME,16.0,BEARISH,-0.2059,0.64,-0.0604,HOLD,TRENDING,NONE,0.0,149.824,147.561,PARTIAL,0.95,"[deterministic] weighted_score=-0.1323 → SELL (thresholds: >=0.1 BUY, <=-0.1 SELL)",skipped,skipped,skipped,0.3891,True,True,0.13315478891642826
10/19/2023,149.756,0.8764285714285762,SELL,BEARISH,True,-0.10209251000000001,TIME,19.0,BEARISH,-0.1438,0.76,-0.0577,HOLD,TRENDING,NONE,0.0,149.824,147.561,PARTIAL,0.95,"[deterministic] weighted_score=-0.1021 → SELL (thresholds: >=0.1 BUY, <=-0.1 SELL)",skipped,skipped,skipped,0.4691,True,True,0.10076081874042152
10/20/2023,149.831,0.8625714285714342,SKIP,BEARISH,,0.0,QUALITY_GATE_SKIP,3.0,BEARISH,-0.3053,0.12,-0.0616,HOLD,TRENDING,NONE,0.0,,,PARTIAL,0.95,SKIP: weak signals — articles=3 |ce|=0.305 |tts|=0.062,skipped,skipped,skipped,0.1136,,,
10/23/2023,149.696,0.68828571428572,HOLD,BULLISH,False,-0.0878275,HOLD_SKIP,21.0,BEARISH,-0.1223,0.84,-0.0473,HOLD,TRENDING,NONE,0.0,149.831,148.485,PARTIAL,0.95,"[deterministic] weighted_score=-0.0878 → HOLD (thresholds: >=0.1 BUY, <=-0.1 SELL)",skipped,skipped,skipped,0.4296,True,False,0.08480359458841724
10/24/2023,149.843,0.6899285714285749,SKIP,BULLISH,,0.0,QUALITY_GATE_SKIP,6.0,BEARISH,-0.2597,0.24,-0.0563,HOLD,TRENDING,NONE,0.0,,,PARTIAL,0.95,SKIP: weak signals — articles=6 |ce|=0.260 |tts|=0.056,skipped,skipped,skipped,0.1821,,,
10/25/2023,150.137,0.6660714285714298,HOLD,BEARISH,False,-0.0692778,HOLD_SKIP,10.0,BEARISH,-0.1255,0.4,-0.0263,HOLD,TRENDING,BREAKOUT_UP,0.2165,149.843,148.485,PARTIAL,0.95,"[deterministic] weighted_score=-0.0693 → HOLD (thresholds: >=0.1 BUY, <=-0.1 SELL)",skipped,skipped,skipped,0.2779,True,False,0.07589592876361997
10/26/2023,150.368,0.6493571428571434,BUY,BEARISH,False,0.10909495999999999,SL,19.0,BULLISH,0.2438,0.76,-0.0618,HOLD,TRENDING,BREAKOUT_UP,0.1398,150.137,148.485,PARTIAL,0.95,"[deterministic] weighted_score=0.1091 → BUY (thresholds: >=0.1 BUY, <=-0.1 SELL)",skipped,skipped,skipped,0.4868,True,True,0.1527846126078882
10/27/2023,149.599,0.6570714285714294,HOLD,BULLISH,False,0.03876665000000001,HOLD_SKIP,15.0,BULLISH,0.1169,0.6,-0.045,HOLD,TRENDING,NONE,0.0,150.368,148.485,PARTIAL,0.95,"[deterministic] weighted_score=0.0388 → HOLD (thresholds: >=0.1 BUY, <=-0.1 SELL)",skipped,skipped,skipped,0.4225,False,False,0.08094999965518444
10/30/2023,149.047,0.6652857142857138,SELL,BULLISH,False,-0.10529951999999998,SL,24.0,BEARISH,-0.1482,0.96,-0.045,HOLD,TRENDING,NONE,0.0,150.368,148.485,PARTIAL,0.95,"[deterministic] weighted_score=-0.1053 → SELL (thresholds: >=0.1 BUY, <=-0.1 SELL)",skipped,skipped,skipped,0.4753,True,True,0.09659999982417397
10/31/2023,151.627,0.7957142857142827,SKIP,BEARISH,,0.0,QUALITY_GATE_SKIP,38.0,NEUTRAL,0.0187,1.0,0.0163,HOLD,TRENDING,NONE,0.0,,,COHERENT,1.0,SKIP: weak signals — articles=38 |ce|=0.019 |tts|=0.016,skipped,skipped,skipped,1.1503,,,
11/01/2023,150.903,0.8033571428571398,BUY,BEARISH,False,0.254745,SL,41.0,BULLISH,0.2734,1.0,0.2201,BUY,TRENDING,NONE,0.0,151.627,148.485,COHERENT,1.0,"[deterministic] weighted_score=0.2547 → BUY (thresholds: >=0.1 BUY, <=-0.1 SELL)",skipped,skipped,skipped,1.2355,True,True,0.24676954035018767
11/02/2023,150.43,0.8543571428571397,BUY,BEARISH,False,0.21220226,SL,19.0,BULLISH,0.3536,0.76,0.045,HOLD,TRENDING,NONE,0.0,151.627,148.485,PARTIAL,0.95,"[deterministic] weighted_score=0.2122 → BUY (thresholds: >=0.1 BUY, <=-0.1 SELL)",skipped,skipped,skipped,0.5945,True,True,0.1992999968911103
11/03/2023,149.333,0.9217142857142814,SELL,BULLISH,False,-0.3311326,SL,21.0,BEARISH,-0.4013,0.84,-0.225,SELL,TRENDING,NONE,0.0,151.627,148.521,COHERENT,1.0,"[deterministic] weighted_score=-0.3311 → SELL (thresholds: >=0.1 BUY, <=-0.1 SELL)",skipped,skipped,skipped,0.5419,True,True,0.31315
11/06/2023,150.071,0.8981428571428519,HOLD,BULLISH,False,-0.09069250999999999,HOLD_SKIP,24.0,BEARISH,-0.1241,0.96,-0.045,HOLD,TRENDING,NONE,0.0,151.627,148.521,PARTIAL,0.95,"[deterministic] weighted_score=-0.0907 → HOLD (thresholds: >=0.1 BUY, <=-0.1 SELL)",skipped,skipped,skipped,0.9904,True,False,0.08454999974945797
11/07/2023,150.348,0.9224285714285665,SELL,BULLISH,False,-0.10831120999999999,SL,12.0,BEARISH,-0.1847,0.48,-0.045,HOLD,TRENDING,NONE,0.0,151.627,148.672,PARTIAL,0.95,"[deterministic] weighted_score=-0.1083 → SELL (thresholds: >=0.1 BUY, <=-0.1 SELL)",skipped,skipped,skipped,0.3807,True,True,0.11484999971195414
11/08/2023,150.974,0.955214285714283,SKIP,BULLISH,,0.0,QUALITY_GATE_SKIP,7.0,BEARISH,-0.2298,0.28,-0.045,HOLD,TRENDING,NONE,0.0,,,PARTIAL,0.95,SKIP: weak signals — articles=7 |ce|=0.230 |tts|=0.045,skipped,skipped,skipped,0.1696,,,
11/09/2023,151.341,0.9742857142857133,BUY,BEARISH,False,0.25611,SL,29.0,BULLISH,0.2755,1.0,0.2201,BUY,TRENDING,NONE,0.0,151.627,149.047,COHERENT,1.0,"[deterministic] weighted_score=0.2561 → BUY (thresholds: >=0.1 BUY, <=-0.1 SELL)",skipped,skipped,skipped,0.9292,True,True,0.24779398792184432
11/10/2023,151.472,0.9700714285714278,SELL,BEARISH,True,-0.16019203999999998,TIME,16.0,BEARISH,-0.3379,0.64,0.0317,HOLD,TRENDING,NONE,0.0,151.627,149.047,PARTIAL,0.95,"[deterministic] weighted_score=-0.1602 → SELL (thresholds: >=0.1 BUY, <=-0.1 SELL)",skipped,skipped,skipped,0.4586,True,True,0.18478041497052294
11/13/2023,151.719,0.976857142857142,SKIP,BEARISH,,0.0,QUALITY_GATE_SKIP,9.0,BEARISH,-0.3603,0.36,0.0291,HOLD,TRENDING,NONE,0.0,,,PARTIAL,0.95,SKIP: weak signals — articles=9 |ce|=0.360 |tts|=0.029,skipped,skipped,skipped,0.196,,,
11/14/2023,150.378,1.0557142857142858,BUY,BEARISH,False,0.208601,SL,21.0,BULLISH,0.335,0.84,0.045,HOLD,TRENDING,NONE,0.0,151.719,149.047,PARTIAL,0.95,"[deterministic] weighted_score=0.2086 → BUY (thresholds: >=0.1 BUY, <=-0.1 SELL)",skipped,skipped,skipped,0.5547,True,True,0.1899999944980448
11/15/2023,151.335,1.0867142857142877,BUY,BEARISH,False,0.13163542,SL,12.0,BULLISH,0.2344,0.48,0.045,HOLD,TRENDING,NONE,0.0,151.719,149.047,PARTIAL,0.95,"[deterministic] weighted_score=0.1316 → BUY (thresholds: >=0.1 BUY, <=-0.1 SELL)",skipped,skipped,skipped,0.3937,True,True,0.13969999809363293
11/16/2023,150.723,1.1006428571428586,SELL,BEARISH,True,-0.11867305000000003,TP,5.0,NEUTRAL,0.0191,0.2,-0.225,SELL,TRENDING,NONE,0.0,151.719,149.047,PARTIAL,0.95,"[deterministic] weighted_score=-0.1187 → SELL (thresholds: >=0.1 BUY, <=-0.1 SELL)",skipped,skipped,skipped,0.1599,True,True,0.12204999999999999
11/17/2023,149.562,1.1380714285714302,HOLD,BEARISH,False,-0.08248849999999999,HOLD_SKIP,10.0,BEARISH,-0.134,0.4,-0.045,HOLD,TRENDING,NONE,0.0,151.719,149.047,PARTIAL,0.95,"[deterministic] weighted_score=-0.0825 → HOLD (thresholds: >=0.1 BUY, <=-0.1 SELL)",skipped,skipped,skipped,0.2463,True,False,0.08949999982818238
11/20/2023,148.344,1.077928571428572,HOLD,BULLISH,False,-0.025430550000000007,HOLD_SKIP,5.0,BULLISH,0.0789,0.2,-0.1002,HOLD,TRENDING,BREAKOUT_DOWN,0.2631,151.719,149.047,PARTIAL,0.95,"[deterministic] weighted_score=-0.0254 → HOLD (thresholds: >=0.1 BUY, <=-0.1 SELL)",skipped,skipped,skipped,0.2853,False,False,0.08954845460829455
11/21/2023,148.379,1.1108571428571423,BUY,BULLISH,True,0.13406153,TIME,14.0,BULLISH,0.3143,0.56,-0.045,HOLD,TRENDING,NONE,0.0,151.719,148.344,PARTIAL,0.95,"[deterministic] weighted_score=0.1341 → BUY (thresholds: >=0.1 BUY, <=-0.1 SELL)",skipped,skipped,skipped,0.3111,True,True,0.1796499999350712
11/22/2023,149.533,1.156642857142856,BUY,BEARISH,False,0.1126301,TIME,15.0,BULLISH,0.2636,0.6,-0.045,HOLD,TRENDING,NONE,0.0,151.719,148.344,PARTIAL,0.95,"[deterministic] weighted_score=0.1126 → BUY (thresholds: >=0.1 BUY, <=-0.1 SELL)",skipped,skipped,skipped,0.3054,True,True,0.1542999999263343
11/23/2023,149.561,1.1189285714285708,SKIP,BEARISH,,0.0,QUALITY_GATE_SKIP,5.0,BEARISH,-0.377,0.2,-0.045,HOLD,TRENDING,NONE,0.0,,,PARTIAL,0.95,SKIP: weak signals — articles=5 |ce|=0.377 |tts|=0.045,skipped,skipped,skipped,0.1592,,,
11/24/2023,149.403,1.1000714285714293,BUY,BEARISH,False,0.11174488999999999,SL,24.0,BULLISH,0.2099,0.96,-0.045,HOLD,TRENDING,NONE,0.0,151.719,148.344,PARTIAL,0.95,"[deterministic] weighted_score=0.1117 → BUY (thresholds: >=0.1 BUY, <=-0.1 SELL)",skipped,skipped,skipped,0.5442,True,True,0.12744999990515676
11/27/2023,148.669,1.1241428571428551,HOLD,BEARISH,False,0.023920239999999995,HOLD_SKIP,11.0,BULLISH,0.1006,0.44,-0.045,HOLD,TRENDING,NONE,0.0,151.719,148.344,PARTIAL,0.95,"[deterministic] weighted_score=0.0239 → HOLD (thresholds: >=0.1 BUY, <=-0.1 SELL)",skipped,skipped,skipped,0.2791,False,False,0.0727999999121273
11/28/2023,147.478,1.1779285714285683,HOLD,BULLISH,False,0.013100499999999989,HOLD_SKIP,9.0,BULLISH,0.1249,0.36,-0.0801,HOLD,TRENDING,BREAKOUT_DOWN,0.2566,151.719,148.344,PARTIAL,0.95,"[deterministic] weighted_score=0.0131 → HOLD (thresholds: >=0.1 BUY, <=-0.1 SELL)",skipped,skipped,skipped,0.2941,False,False,0.1025223931410961
11/29/2023,147.235,1.222142857142854,SKIP,BULLISH,,0.0,QUALITY_GATE_SKIP,10.0,NEUTRAL,-0.0191,0.4,-0.0279,HOLD,TRENDING,NONE,0.0,,,COHERENT,1.0,SKIP: weak signals — articles=10 |ce|=0.019 |tts|=0.028,skipped,skipped,skipped,0.263,,,
11/30/2023,148.176,1.3152857142857113,SELL,BEARISH,True,-0.16781464999999998,TIME,10.0,BEARISH,-0.3251,0.4,-0.045,HOLD,TRENDING,NONE,0.0,151.719,147.235,PARTIAL,0.95,"[deterministic] weighted_score=-0.1678 → SELL (thresholds: >=0.1 BUY, <=-0.1 SELL)",skipped,skipped,skipped,0.2544,True,True,0.18504999993077448
12/01/2023,146.772,1.3855714285714262,SELL,BULLISH,False,-0.2712534999999999,TIME,28.0,BEARISH,-0.4158,1.0,-0.0436,HOLD,TRENDING,BREAKOUT_DOWN,0.1033,151.719,147.235,PARTIAL,0.95,"[deterministic] weighted_score=-0.2713 → SELL (thresholds: >=0.1 BUY, <=-0.1 SELL)",skipped,skipped,skipped,0.5951,True,True,0.22967701729802417
12/04/2023,147.204,1.3569999999999973,SKIP,BEARISH,,0.0,QUALITY_GATE_SKIP,8.0,BULLISH,0.1421,0.32,-0.0423,HOLD,TRENDING,NONE,0.0,,,PARTIAL,0.95,SKIP: weak signals — articles=8 |ce|=0.142 |tts|=0.042,skipped,skipped,skipped,0.1944,,,
12/05/2023,147.145,1.317785714285711,HOLD,BEARISH,False,-0.08719195,HOLD_SKIP,15.0,BEARISH,-0.1377,0.6,-0.04,HOLD,TRENDING,NONE,0.0,151.719,146.772,PARTIAL,0.95,"[deterministic] weighted_score=-0.0872 → HOLD (thresholds: >=0.1 BUY, <=-0.1 SELL)",skipped,skipped,skipped,0.3701,True,False,0.08886989728242009
12/06/2023,147.308,1.2790714285714253,SELL,BEARISH,True,-0.15369251999999997,TP,12.0,BEARISH,-0.2814,0.48,-0.045,HOLD,TRENDING,NONE,0.0,151.719,146.772,PARTIAL,0.95,"[deterministic] weighted_score=-0.1537 → SELL (thresholds: >=0.1 BUY, <=-0.1 SELL)",skipped,skipped,skipped,0.2582,True,True,0.16319999991211603
12/07/2023,144.098,1.5743571428571386,HOLD,BULLISH,False,0.07982603,HOLD_SKIP,17.0,BULLISH,0.2036,0.68,-0.0645,HOLD,TRENDING,BREAKOUT_DOWN,0.5405,151.719,146.772,PARTIAL,0.95,"[deterministic] weighted_score=0.0798 → HOLD (thresholds: >=0.1 BUY, <=-0.1 SELL)",skipped,skipped,skipped,0.7857,True,False,0.13403789429335644
12/08/2023,144.893,1.6340714285714273,BUY,BEARISH,False,0.10346924999999998,SL,36.0,BULLISH,0.1639,1.0,0.0068,HOLD,TRENDING,NONE,0.0,151.719,144.098,PARTIAL,0.95,"[deterministic] weighted_score=0.1035 → BUY (thresholds: >=0.1 BUY, <=-0.1 SELL)",skipped,skipped,skipped,0.8172,True,True,0.08536712221084852
12/11/2023,146.143,1.658142857142855,SKIP,BEARISH,,0.0,QUALITY_GATE_SKIP,13.0,NEUTRAL,0.0157,0.52,-0.045,HOLD,TRENDING,NONE,0.0,,,COHERENT,1.0,SKIP: weak signals — articles=13 |ce|=0.016 |tts|=0.045,skipped,skipped,skipped,0.3098,,,
12/12/2023,145.449,1.6382142857142838,SELL,BEARISH,True,-0.11604041000000001,TP,14.0,BEARISH,-0.2051,0.56,-0.033,HOLD,TRENDING,NONE,0.0,151.335,144.098,PARTIAL,0.95,"[deterministic] weighted_score=-0.116 → SELL (thresholds: >=0.1 BUY, <=-0.1 SELL)",skipped,skipped,skipped,0.4715,True,True,0.11904039969156402
12/13/2023,142.879,1.8204285714285706,SELL,BEARISH,True,-0.13399389,TIME,13.0,BEARISH,-0.2807,0.52,0.002,HOLD,TRENDING,BREAKOUT_DOWN,0.1684,151.335,144.098,PARTIAL,0.95,"[deterministic] weighted_score=-0.134 → SELL (thresholds: >=0.1 BUY, <=-0.1 SELL)",skipped,skipped,skipped,0.3196,True,True,0.141327115906935
12/14/2023,141.859,1.9231428571428555,BUY,BULLISH,True,0.31374871,TIME,13.0,BULLISH,0.6194,0.52,0.0341,HOLD,TRENDING,BREAKOUT_DOWN,0.13,150.723,142.879,PARTIAL,0.95,"[deterministic] weighted_score=0.3137 → BUY (thresholds: >=0.1 BUY, <=-0.1 SELL)",skipped,skipped,skipped,0.3537,True,True,0.32674614995957385
12/15/2023,142.141,1.9164285714285723,SKIP,BULLISH,,0.0,QUALITY_GATE_SKIP,2.0,BULLISH,0.2701,0.08,0.0378,HOLD,TRENDING,NONE,0.0,,,PARTIAL,0.95,SKIP: weak signals — articles=2 |ce|=0.270 |tts|=0.038,skipped,skipped,skipped,0.112,,,
12/18/2023,142.737,1.8877857142857144,HOLD,BULLISH,False,-0.045977910000000004,HOLD_SKIP,16.0,BEARISH,-0.0969,0.64,0.009,HOLD,TRENDING,NONE,0.0,149.561,141.859,PARTIAL,0.95,"[deterministic] weighted_score=-0.046 → HOLD (thresholds: >=0.1 BUY, <=-0.1 SELL)",skipped,skipped,skipped,0.384,False,False,0.052937258499924866
12/19/2023,143.82,1.993000000000001,SKIP,BEARISH,,0.0,QUALITY_GATE_SKIP,41.0,NEUTRAL,0.0142,1.0,-0.0399,HOLD,TRENDING,NONE,0.0,,,COHERENT,1.0,SKIP: weak signals — articles=41 |ce|=0.014 |tts|=0.040,skipped,skipped,skipped,1.1366,,,
12/20/2023,143.543,1.9324999999999986,HOLD,BEARISH,False,-0.04020513999999999,HOLD_SKIP,13.0,BEARISH,-0.0523,0.52,-0.0321,HOLD,TRENDING,NONE,0.0,149.561,141.859,PARTIAL,0.95,"[deterministic] weighted_score=-0.0402 → HOLD (thresholds: >=0.1 BUY, <=-0.1 SELL)",skipped,skipped,skipped,0.2945,False,False,0.042220186475167704
12/21/2023,142.102,1.9223571428571415,SKIP,BULLISH,,0.0,QUALITY_GATE_SKIP,7.0,BEARISH,-0.8239,0.28,0.0056,HOLD,TRENDING,NONE,0.0,,,PARTIAL,0.95,SKIP: weak signals — articles=7 |ce|=0.824 |tts|=0.006,skipped,skipped,skipped,0.1868,,,
12/22/2023,142.401,1.8917857142857133,SKIP,BEARISH,,0.0,QUALITY_GATE_SKIP,14.0,NEUTRAL,0.025,0.56,-0.0085,HOLD,TRENDING,NONE,0.0,,,COHERENT,1.0,SKIP: weak signals — articles=14 |ce|=0.025 |tts|=0.009,skipped,skipped,skipped,0.3553,,,
12/25/2023,142.229,1.8647142857142853,SKIP,BEARISH,,0.0,QUALITY_GATE_SKIP,1.0,NEUTRAL,0.0,0.04,-0.0038,HOLD,TRENDING,NONE,0.0,,,COHERENT,1.0,SKIP: weak signals — articles=1 |ce|=0.000 |tts|=0.004,skipped,skipped,skipped,0.0771,,,
12/26/2023,142.387,1.8605714285714268,SKIP,BEARISH,,0.0,QUALITY_GATE_SKIP,6.0,BULLISH,0.1095,0.24,-0.0121,HOLD,TRENDING,NONE,0.0,,,PARTIAL,0.95,SKIP: weak signals — articles=6 |ce|=0.110 |tts|=0.012,skipped,skipped,skipped,0.157,,,
12/27/2023,141.82,1.545571428571429,SKIP,BEARISH,,0.0,QUALITY_GATE_SKIP,10.0,NEUTRAL,-0.0355,0.4,0.0031,HOLD,TRENDING,NONE,0.0,,,COHERENT,1.0,SKIP: weak signals — articles=10 |ce|=0.035 |tts|=0.003,skipped,skipped,skipped,0.241,,,
12/28/2023,141.399,1.4638571428571427,HOLD,BULLISH,False,0.06497715,HOLD_SKIP,10.0,BULLISH,0.1453,0.4,0.0002,HOLD,TRENDING,BREAKOUT_DOWN,0.0662,148.176,141.82,PARTIAL,0.95,"[deterministic] weighted_score=0.065 → HOLD (thresholds: >=0.1 BUY, <=-0.1 SELL)",skipped,skipped,skipped,0.2326,True,False,0.07276185862890402
12/29/2023,140.998,1.4164285714285723,SKIP,BULLISH,,0.0,QUALITY_GATE_SKIP,5.0,BULLISH,0.1296,0.2,0.0112,HOLD,TRENDING,NONE,0.0,,,PARTIAL,0.95,SKIP: weak signals — articles=5 |ce|=0.130 |tts|=0.011,skipped,skipped,skipped,0.1264,,,
---,,,ACCURACY SUMMARY,,,,,,,,,,,,,,,,,,,,,,,,,
BUY Accuracy,,,46.15%,18/39,,,,,,,,,,,,,,,,,,,,,,,,
SELL Accuracy,,,43.75%,21/48,,,,,,,,,,,,,,,,,,,,,,,,
BUY+SELL Accuracy,,,44.83%,39/87,,,,,,,,,,,,,,,,,,,,,,,,
HOLD Accuracy,,,0.0%,0/79,,,,,,,,,,,,,,,,,,,,,,,,
OVERALL Accuracy,,,23.49%,39/166,,,,,,,,,,,,,,,,,,,,,,,,
Skipped (gate),,,94,quality gate,,,,,,,,,,,,,,,,,,,,,,,,
---,,,SL/TP SUMMARY,,,,,,,,,,,,,,,,,,,,,,,,,
TP Hits,,,,7,,,,,,,,,,,,,,,,,,,,,,,,
SL Hits,,,,30,,,,,,,,,,,,,,,,,,,,,,,,
TIME Exits,,,,50,,,,,,,,,,,,,,,,,,,,,,,,
HOLD Skips,,,,79,,,,,,,,,,,,,,,,,,,,,,,,
---,,,BREAKOUT SUMMARY,,,,,,,,,,,,,,,,,,,,,,,,,
Breakout UP Total,,,,30,,,,,,,,,,,,,,,,,,,,,,,,
Breakout UP Correct,,,,60.0% (18/30),,,,,,,,,,,,,,,,,,,,,,,,
Breakout DOWN Total,,,,11,,,,,,,,,,,,,,,,,,,,,,,,
Breakout DOWN Correct,,,,27.27% (3/11),,,,,,,,,,,,,,,,,,,,,,,,
